year,constructorId,url,Name,Nationality
1950,adams,http://en.wikipedia.org/wiki/Adams_(constructor),Adams,American
1950,alfa,http://en.wikipedia.org/wiki/Alfa_Romeo_in_Formula_One,Alfa Romeo,Swiss
1950,alta,http://en.wikipedia.org/wiki/Alta_auto_racing_team,Alta,British
1950,cooper,http://en.wikipedia.org/wiki/Cooper_Car_Company,Cooper,British
1950,deidt,http://en.wikipedia.org/wiki/Deidt,Deidt,American
1950,era,http://en.wikipedia.org/wiki/English_Racing_Automobiles,ERA,British
1950,ewing,http://en.wikipedia.org/wiki/Ewing_(constructor),Ewing,American
1950,ferrari,http://en.wikipedia.org/wiki/Scuderia_Ferrari,Ferrari,Italian
1950,kurtis_kraft,http://en.wikipedia.org/wiki/Kurtis_Kraft,Kurtis Kraft,American
1950,langley,http://en.wikipedia.org/wiki/Langley_(constructor),Langley,American
1950,lesovsky,http://en.wikipedia.org/wiki/Lesovsky,Lesovsky,American
1950,marchese,http://en.wikipedia.org/wiki/Marchese_(constructor),Marchese,American
1950,maserati,http://en.wikipedia.org/wiki/Maserati,Maserati,Italian
1950,milano,http://en.wikipedia.org/wiki/Scuderia_Milano,Milano,Italian
1950,moore,http://en.wikipedia.org/wiki/Moore_(constructor),Moore,American
1950,nichels,http://en.wikipedia.org/wiki/Nichels,Nichels,American
1950,olson,http://en.wikipedia.org/wiki/Olson_(constructor),Olson,American
1950,rae,http://en.wikipedia.org/wiki/Rae_(motorsport),Rae,American
1950,simca,http://en.wikipedia.org/wiki/Simca,Simca,French
1950,snowberger,http://en.wikipedia.org/wiki/Snowberger,Snowberger,American
1950,stevens,http://en.wikipedia.org/wiki/Stevens_(constructor),Stevens,American
1950,lago,http://en.wikipedia.org/wiki/Talbot-Lago,Talbot-Lago,French
1950,watson,http://en.wikipedia.org/wiki/A.J._Watson,Watson,American
1950,wetteroth,http://en.wikipedia.org/wiki/Wetteroth,Wetteroth,American
1951,alfa,http://en.wikipedia.org/wiki/Alfa_Romeo_in_Formula_One,Alfa Romeo,Swiss
1951,alta,http://en.wikipedia.org/wiki/Alta_auto_racing_team,Alta,British
1951,brm,http://en.wikipedia.org/wiki/BRM,BRM,British
1951,bromme,http://en.wikipedia.org/wiki/Bromme,Bromme,American
1951,deidt,http://en.wikipedia.org/wiki/Deidt,Deidt,American
1951,era,http://en.wikipedia.org/wiki/English_Racing_Automobiles,ERA,British
1951,ferrari,http://en.wikipedia.org/wiki/Scuderia_Ferrari,Ferrari,Italian
1951,hall,http://en.wikipedia.org/wiki/Hall_(constructor),Hall,American
1951,hwm,http://en.wikipedia.org/wiki/Hersham_and_Walton_Motors,HWM,British
1951,kurtis_kraft,http://en.wikipedia.org/wiki/Kurtis_Kraft,Kurtis Kraft,American
1951,kuzma,http://en.wikipedia.org/wiki/Kuzma_(constructor),Kuzma,American
1951,lesovsky,http://en.wikipedia.org/wiki/Lesovsky,Lesovsky,American
1951,marchese,http://en.wikipedia.org/wiki/Marchese_(constructor),Marchese,American
1951,maserati,http://en.wikipedia.org/wiki/Maserati,Maserati,Italian
1951,moore,http://en.wikipedia.org/wiki/Moore_(constructor),Moore,American
1951,osca,http://en.wikipedia.org/wiki/Officine_Specializate_Costruzione_Automobili,OSCA,Italian
1951,pawl,http://en.wikipedia.org/wiki/Pawl_(constructor),Pawl,American
1951,schroeder,http://en.wikipedia.org/wiki/Schroeder_(constructor),Schroeder,American
1951,sherman,http://en.wikipedia.org/wiki/Sherman_(constructor),Sherman,American
1951,simca,http://en.wikipedia.org/wiki/Simca,Simca,French
1951,lago,http://en.wikipedia.org/wiki/Talbot-Lago,Talbot-Lago,French
1951,trevis,http://en.wikipedia.org/wiki/Trevis,Trevis,American
1951,veritas,http://en.wikipedia.org/wiki/Veritas_(constructor),Veritas,German
1951,watson,http://en.wikipedia.org/wiki/A.J._Watson,Watson,American
1952,afm,http://en.wikipedia.org/wiki/Alex_von_Falkenhausen_Motorenbau,AFM,German
1952,alta,http://en.wikipedia.org/wiki/Alta_auto_racing_team,Alta,British
1952,butterworth,http://en.wikipedia.org/wiki/Aston_Butterworth,Aston Butterworth,British
1952,bmw,http://en.wikipedia.org/wiki/BMW,BMW,German
1952,bromme,http://en.wikipedia.org/wiki/Bromme,Bromme,American
1952,cisitalia,http://en.wikipedia.org/wiki/Cisitalia,Cisitalia,Italian
1952,connaught,http://en.wikipedia.org/wiki/Connaught_Engineering,Connaught,British
1952,cooper,http://en.wikipedia.org/wiki/Cooper_Car_Company,Cooper,British
1952,deidt,http://en.wikipedia.org/wiki/Deidt,Deidt,American
1952,era,http://en.wikipedia.org/wiki/English_Racing_Automobiles,ERA,British
1952,ferrari,http://en.wikipedia.org/wiki/Scuderia_Ferrari,Ferrari,Italian
1952,frazer_nash,http://en.wikipedia.org/wiki/Frazer_Nash,Frazer Nash,British
1952,gordini,http://en.wikipedia.org/wiki/Gordini,Gordini,French
1952,hwm,http://en.wikipedia.org/wiki/Hersham_and_Walton_Motors,HWM,British
1952,kurtis_kraft,http://en.wikipedia.org/wiki/Kurtis_Kraft,Kurtis Kraft,American
1952,kuzma,http://en.wikipedia.org/wiki/Kuzma_(constructor),Kuzma,American
1952,lesovsky,http://en.wikipedia.org/wiki/Lesovsky,Lesovsky,American
1952,maserati,http://en.wikipedia.org/wiki/Maserati,Maserati,Italian
1952,osca,http://en.wikipedia.org/wiki/Officine_Specializate_Costruzione_Automobili,OSCA,Italian
1952,sherman,http://en.wikipedia.org/wiki/Sherman_(constructor),Sherman,American
1952,simca,http://en.wikipedia.org/wiki/Simca,Simca,French
1952,stevens,http://en.wikipedia.org/wiki/Stevens_(constructor),Stevens,American
1952,trevis,http://en.wikipedia.org/wiki/Trevis,Trevis,American
1952,veritas,http://en.wikipedia.org/wiki/Veritas_(constructor),Veritas,German
1952,watson,http://en.wikipedia.org/wiki/A.J._Watson,Watson,American
1953,afm,http://en.wikipedia.org/wiki/Alex_von_Falkenhausen_Motorenbau,AFM,German
1953,bmw,http://en.wikipedia.org/wiki/BMW,BMW,German
1953,bromme,http://en.wikipedia.org/wiki/Bromme,Bromme,American
1953,connaught,http://en.wikipedia.org/wiki/Connaught_Engineering,Connaught,British
1953,cooper,http://en.wikipedia.org/wiki/Cooper_Car_Company,Cooper,British
1953,del_roy,http://en.wikipedia.org/wiki/Del_Roy,Del Roy,American
1953,emw,http://en.wikipedia.org/wiki/Eisenacher_Motorenwerk,EMW,East German
1953,ferrari,http://en.wikipedia.org/wiki/Scuderia_Ferrari,Ferrari,Italian
1953,gordini,http://en.wikipedia.org/wiki/Gordini,Gordini,French
1953,hwm,http://en.wikipedia.org/wiki/Hersham_and_Walton_Motors,HWM,British
1953,kurtis_kraft,http://en.wikipedia.org/wiki/Kurtis_Kraft,Kurtis Kraft,American
1953,kuzma,http://en.wikipedia.org/wiki/Kuzma_(constructor),Kuzma,American
1953,lesovsky,http://en.wikipedia.org/wiki/Lesovsky,Lesovsky,American
1953,maserati,http://en.wikipedia.org/wiki/Maserati,Maserati,Italian
1953,osca,http://en.wikipedia.org/wiki/Officine_Specializate_Costruzione_Automobili,OSCA,Italian
1953,schroeder,http://en.wikipedia.org/wiki/Schroeder_(constructor),Schroeder,American
1953,simca,http://en.wikipedia.org/wiki/Simca,Simca,French
1953,stevens,http://en.wikipedia.org/wiki/Stevens_(constructor),Stevens,American
1953,turner,http://en.wikipedia.org/wiki/Turner_(constructor),Turner,American
1953,veritas,http://en.wikipedia.org/wiki/Veritas_(constructor),Veritas,German
1953,watson,http://en.wikipedia.org/wiki/A.J._Watson,Watson,American
1954,bromme,http://en.wikipedia.org/wiki/Bromme,Bromme,American
1954,connaught,http://en.wikipedia.org/wiki/Connaught_Engineering,Connaught,British
1954,cooper,http://en.wikipedia.org/wiki/Cooper_Car_Company,Cooper,British
1954,ferrari,http://en.wikipedia.org/wiki/Scuderia_Ferrari,Ferrari,Italian
1954,gordini,http://en.wikipedia.org/wiki/Gordini,Gordini,French
1954,hwm,http://en.wikipedia.org/wiki/Hersham_and_Walton_Motors,HWM,British
1954,klenk,http://en.wikipedia.org/wiki/Klenk,Klenk,German
1954,kurtis_kraft,http://en.wikipedia.org/wiki/Kurtis_Kraft,Kurtis Kraft,American
1954,kuzma,http://en.wikipedia.org/wiki/Kuzma_(constructor),Kuzma,American
1954,lancia,http://en.wikipedia.org/wiki/Lancia_in_Formula_One,Lancia,Italian
1954,maserati,http://en.wikipedia.org/wiki/Maserati,Maserati,Italian
1954,mercedes,http://en.wikipedia.org/wiki/Mercedes-Benz_in_Formula_One,Mercedes,German
1954,nichels,http://en.wikipedia.org/wiki/Nichels,Nichels,American
1954,pankratz,http://en.wikipedia.org/wiki/Pankratz,Pankratz,American
1954,pawl,http://en.wikipedia.org/wiki/Pawl_(constructor),Pawl,American
1954,phillips,http://en.wikipedia.org/wiki/Phillips_(constructor),Phillips,American
1954,schroeder,http://en.wikipedia.org/wiki/Schroeder_(constructor),Schroeder,American
1954,stevens,http://en.wikipedia.org/wiki/Stevens_(constructor),Stevens,American
1954,vanwall,http://en.wikipedia.org/wiki/Vanwall,Vanwall,British
1955,arzani-volpini,http://en.wikipedia.org/wiki/Arzani-Volpini,Arzani-Volpini,Italian
1955,connaught,http://en.wikipedia.org/wiki/Connaught_Engineering,Connaught,British
1955,cooper,http://en.wikipedia.org/wiki/Cooper_Car_Company,Cooper,British
1955,epperly,http://en.wikipedia.org/wiki/Epperly,Epperly,American
1955,ferrari,http://en.wikipedia.org/wiki/Scuderia_Ferrari,Ferrari,Italian
1955,gordini,http://en.wikipedia.org/wiki/Gordini,Gordini,French
1955,hwm,http://en.wikipedia.org/wiki/Hersham_and_Walton_Motors,HWM,British
1955,kurtis_kraft,http://en.wikipedia.org/wiki/Kurtis_Kraft,Kurtis Kraft,American
1955,kuzma,http://en.wikipedia.org/wiki/Kuzma_(constructor),Kuzma,American
1955,lancia,http://en.wikipedia.org/wiki/Lancia_in_Formula_One,Lancia,Italian
1955,maserati,http://en.wikipedia.org/wiki/Maserati,Maserati,Italian
1955,mercedes,http://en.wikipedia.org/wiki/Mercedes-Benz_in_Formula_One,Mercedes,German
1955,pankratz,http://en.wikipedia.org/wiki/Pankratz,Pankratz,American
1955,pawl,http://en.wikipedia.org/wiki/Pawl_(constructor),Pawl,American
1955,phillips,http://en.wikipedia.org/wiki/Phillips_(constructor),Phillips,American
1955,schroeder,http://en.wikipedia.org/wiki/Schroeder_(constructor),Schroeder,American
1955,stevens,http://en.wikipedia.org/wiki/Stevens_(constructor),Stevens,American
1955,trevis,http://en.wikipedia.org/wiki/Trevis,Trevis,American
1955,vanwall,http://en.wikipedia.org/wiki/Vanwall,Vanwall,British
1956,brm,http://en.wikipedia.org/wiki/BRM,BRM,British
1956,bugatti,http://en.wikipedia.org/wiki/Bugatti,Bugatti,French
1956,connaught,http://en.wikipedia.org/wiki/Connaught_Engineering,Connaught,British
1956,cooper,http://en.wikipedia.org/wiki/Cooper_Car_Company,Cooper,British
1956,emeryson,http://en.wikipedia.org/wiki/Emeryson,Emeryson,British
1956,ferrari,http://en.wikipedia.org/wiki/Scuderia_Ferrari,Ferrari,Italian
1956,gordini,http://en.wikipedia.org/wiki/Gordini,Gordini,French
1956,kurtis_kraft,http://en.wikipedia.org/wiki/Kurtis_Kraft,Kurtis Kraft,American
1956,kuzma,http://en.wikipedia.org/wiki/Kuzma_(constructor),Kuzma,American
1956,lesovsky,http://en.wikipedia.org/wiki/Lesovsky,Lesovsky,American
1956,maserati,http://en.wikipedia.org/wiki/Maserati,Maserati,Italian
1956,phillips,http://en.wikipedia.org/wiki/Phillips_(constructor),Phillips,American
1956,stevens,http://en.wikipedia.org/wiki/Stevens_(constructor),Stevens,American
1956,vanwall,http://en.wikipedia.org/wiki/Vanwall,Vanwall,British
1956,watson,http://en.wikipedia.org/wiki/A.J._Watson,Watson,American
1957,brm,http://en.wikipedia.org/wiki/BRM,BRM,British
1957,connaught,http://en.wikipedia.org/wiki/Connaught_Engineering,Connaught,British
1957,cooper,http://en.wikipedia.org/wiki/Cooper_Car_Company,Cooper,British
1957,dunn,http://en.wikipedia.org/wiki/Dunn_Engineering,Dunn,American
1957,epperly,http://en.wikipedia.org/wiki/Epperly,Epperly,American
1957,ferrari,http://en.wikipedia.org/wiki/Scuderia_Ferrari,Ferrari,Italian
1957,kurtis_kraft,http://en.wikipedia.org/wiki/Kurtis_Kraft,Kurtis Kraft,American
1957,kuzma,http://en.wikipedia.org/wiki/Kuzma_(constructor),Kuzma,American
1957,lesovsky,http://en.wikipedia.org/wiki/Lesovsky,Lesovsky,American
1957,maserati,http://en.wikipedia.org/wiki/Maserati,Maserati,Italian
1957,phillips,http://en.wikipedia.org/wiki/Phillips_(constructor),Phillips,American
1957,porsche,http://en.wikipedia.org/wiki/Porsche_in_Formula_One,Porsche,German
1957,vanwall,http://en.wikipedia.org/wiki/Vanwall,Vanwall,British
1957,watson,http://en.wikipedia.org/wiki/A.J._Watson,Watson,American
1958,brm,http://en.wikipedia.org/wiki/BRM,BRM,British
1958,connaught,http://en.wikipedia.org/wiki/Connaught_Engineering,Connaught,British
1958,cooper,http://en.wikipedia.org/wiki/Cooper_Car_Company,Cooper,British
1958,dunn,http://en.wikipedia.org/wiki/Dunn_Engineering,Dunn,American
1958,epperly,http://en.wikipedia.org/wiki/Epperly,Epperly,American
1958,ferrari,http://en.wikipedia.org/wiki/Scuderia_Ferrari,Ferrari,Italian
1958,kurtis_kraft,http://en.wikipedia.org/wiki/Kurtis_Kraft,Kurtis Kraft,American
1958,kuzma,http://en.wikipedia.org/wiki/Kuzma_(constructor),Kuzma,American
1958,lesovsky,http://en.wikipedia.org/wiki/Lesovsky,Lesovsky,American
1958,maserati,http://en.wikipedia.org/wiki/Maserati,Maserati,Italian
1958,osca,http://en.wikipedia.org/wiki/Officine_Specializate_Costruzione_Automobili,OSCA,Italian
1958,phillips,http://en.wikipedia.org/wiki/Phillips_(constructor),Phillips,American
1958,porsche,http://en.wikipedia.org/wiki/Porsche_in_Formula_One,Porsche,German
1958,team_lotus,http://en.wikipedia.org/wiki/Team_Lotus,Team Lotus,British
1958,vanwall,http://en.wikipedia.org/wiki/Vanwall,Vanwall,British
1958,watson,http://en.wikipedia.org/wiki/A.J._Watson,Watson,American
1959,aston_martin,http://en.wikipedia.org/wiki/Aston_Martin_in_Formula_One,Aston Martin,British
1959,brm,http://en.wikipedia.org/wiki/BRM,BRM,British
1959,vhristensen,http://en.wikipedia.org/wiki/Christensen_(constructor),Christensen,American
1959,connaught,http://en.wikipedia.org/wiki/Connaught_Engineering,Connaught,British
1959,cooper-borgward,http://en.wikipedia.org/wiki/Cooper_Car_Company,Cooper-Borgward,British
1959,cooper-climax,http://en.wikipedia.org/wiki/Cooper_Car_Company,Cooper-Climax,British
1959,cooper-maserati,http://en.wikipedia.org/wiki/Cooper_Car_Company,Cooper-Maserati,British
1959,cooper-osca,http://en.wikipedia.org/wiki/Cooper_Car_Company,Cooper-OSCA,British
1959,dunn,http://en.wikipedia.org/wiki/Dunn_Engineering,Dunn,American
1959,elder,http://en.wikipedia.org/wiki/Elder_(constructor),Elder,American
1959,epperly,http://en.wikipedia.org/wiki/Epperly,Epperly,American
1959,ferrari,http://en.wikipedia.org/wiki/Scuderia_Ferrari,Ferrari,Italian
1959,fry,http://en.wikipedia.org/wiki/Fry_(racing_team),Fry,British
1959,jbw,http://en.wikipedia.org/wiki/JBW,JBW,British
1959,kurtis_kraft,http://en.wikipedia.org/wiki/Kurtis_Kraft,Kurtis Kraft,American
1959,kuzma,http://en.wikipedia.org/wiki/Kuzma_(constructor),Kuzma,American
1959,lesovsky,http://en.wikipedia.org/wiki/Lesovsky,Lesovsky,American
1959,maserati,http://en.wikipedia.org/wiki/Maserati,Maserati,Italian
1959,moore,http://en.wikipedia.org/wiki/Moore_(constructor),Moore,American
1959,phillips,http://en.wikipedia.org/wiki/Phillips_(constructor),Phillips,American
1959,porsche,http://en.wikipedia.org/wiki/Porsche_in_Formula_One,Porsche,German
1959,sutton,http://en.wikipedia.org/wiki/Sutton_(constructor),Sutton,American
1959,team_lotus,http://en.wikipedia.org/wiki/Team_Lotus,Team Lotus,British
1959,tec-mec,http://en.wikipedia.org/wiki/Tec-Mec,Tec-Mec,Italian
1959,vanwall,http://en.wikipedia.org/wiki/Vanwall,Vanwall,British
1959,watson,http://en.wikipedia.org/wiki/A.J._Watson,Watson,American
1960,aston_martin,http://en.wikipedia.org/wiki/Aston_Martin_in_Formula_One,Aston Martin,British
1960,behra-porsche,http://en.wikipedia.org/wiki/Behra-Porsche,Behra-Porsche,Italian
1960,brm,http://en.wikipedia.org/wiki/BRM,BRM,British
1960,vhristensen,http://en.wikipedia.org/wiki/Christensen_(constructor),Christensen,American
1960,cooper-castellotti,http://en.wikipedia.org/wiki/Cooper_Car_Company,Cooper-Castellotti,British
1960,cooper-climax,http://en.wikipedia.org/wiki/Cooper_Car_Company,Cooper-Climax,British
1960,cooper-maserati,http://en.wikipedia.org/wiki/Cooper_Car_Company,Cooper-Maserati,British
1960,epperly,http://en.wikipedia.org/wiki/Epperly,Epperly,American
1960,ewing,http://en.wikipedia.org/wiki/Ewing_(constructor),Ewing,American
1960,ferrari,http://en.wikipedia.org/wiki/Scuderia_Ferrari,Ferrari,Italian
1960,jbw,http://en.wikipedia.org/wiki/JBW,JBW,British
1960,kurtis_kraft,http://en.wikipedia.org/wiki/Kurtis_Kraft,Kurtis Kraft,American
1960,kuzma,http://en.wikipedia.org/wiki/Kuzma_(constructor),Kuzma,American
1960,lesovsky,http://en.wikipedia.org/wiki/Lesovsky,Lesovsky,American
1960,maserati,http://en.wikipedia.org/wiki/Maserati,Maserati,Italian
1960,meskowski,http://en.wikipedia.org/wiki/Meskowski,Meskowski,American
1960,phillips,http://en.wikipedia.org/wiki/Phillips_(constructor),Phillips,American
1960,porsche,http://en.wikipedia.org/wiki/Porsche_in_Formula_One,Porsche,German
1960,scarab,http://en.wikipedia.org/wiki/Scarab_(constructor),Scarab,American
1960,team_lotus,http://en.wikipedia.org/wiki/Team_Lotus,Team Lotus,British
1960,trevis,http://en.wikipedia.org/wiki/Trevis,Trevis,American
1960,vanwall,http://en.wikipedia.org/wiki/Vanwall,Vanwall,British
1960,watson,http://en.wikipedia.org/wiki/A.J._Watson,Watson,American
1961,brm,http://en.wikipedia.org/wiki/BRM,BRM,British
1961,cooper-climax,http://en.wikipedia.org/wiki/Cooper_Car_Company,Cooper-Climax,British
1961,cooper-maserati,http://en.wikipedia.org/wiki/Cooper_Car_Company,Cooper-Maserati,British
1961,de_tomaso-alfa_romeo,http://en.wikipedia.org/wiki/De_Tomaso,De Tomaso-Alfa Romeo,Italian
1961,de_tomaso-osca,http://en.wikipedia.org/wiki/De_Tomaso,De Tomaso-Osca,Italian
1961,emeryson,http://en.wikipedia.org/wiki/Emeryson,Emeryson,British
1961,ferguson,http://en.wikipedia.org/wiki/Ferguson_Research_Ltd.,Ferguson,British
1961,ferrari,http://en.wikipedia.org/wiki/Scuderia_Ferrari,Ferrari,Italian
1961,gilby,http://en.wikipedia.org/wiki/Gilby,Gilby,British
1961,jbw,http://en.wikipedia.org/wiki/JBW,JBW,British
1961,lotus-climax,http://en.wikipedia.org/wiki/Team_Lotus,Lotus-Climax,British
1961,lotus-maserati,http://en.wikipedia.org/wiki/Team_Lotus,Lotus-Maserati,British
1961,mbm,http://en.wikipedia.org/wiki/Monteverdi_Basel_Motors,MBM,Swiss
1961,porsche,http://en.wikipedia.org/wiki/Porsche_in_Formula_One,Porsche,German
1962,brabham,http://en.wikipedia.org/wiki/Brabham,Brabham,British
1962,brm,http://en.wikipedia.org/wiki/BRM,BRM,British
1962,cooper,http://en.wikipedia.org/wiki/Cooper_Car_Company,Cooper,British
1962,cooper-alfa_romeo,http://en.wikipedia.org/wiki/Cooper_Car_Company,Cooper-Alfa Romeo,British
1962,cooper-climax,http://en.wikipedia.org/wiki/Cooper_Car_Company,Cooper-Climax,British
1962,tomaso,http://en.wikipedia.org/wiki/De_Tomaso,De Tomaso,Italian
1962,de_tomaso-alfa_romeo,http://en.wikipedia.org/wiki/De_Tomaso,De Tomaso-Alfa Romeo,Italian
1962,de_tomaso-osca,http://en.wikipedia.org/wiki/De_Tomaso,De Tomaso-Osca,Italian
1962,emeryson,http://en.wikipedia.org/wiki/Emeryson,Emeryson,British
1962,enb,http://en.wikipedia.org/wiki/Ecurie_Nationale_Belge,ENB,Belgian
1962,ferrari,http://en.wikipedia.org/wiki/Scuderia_Ferrari,Ferrari,Italian
1962,gilby,http://en.wikipedia.org/wiki/Gilby,Gilby,British
1962,lds,http://en.wikipedia.org/wiki/LDS_(automobile),LDS,South African
1962,lola,http://en.wikipedia.org/wiki/MasterCard_Lola,Lola,British
1962,lotus-borgward,http://en.wikipedia.org/wiki/Team_Lotus,Lotus-Borgward,British
1962,lotus-brm,http://en.wikipedia.org/wiki/Team_Lotus,Lotus-BRM,British
1962,lotus-climax,http://en.wikipedia.org/wiki/Team_Lotus,Lotus-Climax,British
1962,porsche,http://en.wikipedia.org/wiki/Porsche_in_Formula_One,Porsche,German
1962,team_lotus,http://en.wikipedia.org/wiki/Team_Lotus,Team Lotus,British
1963,alfa,http://en.wikipedia.org/wiki/Alfa_Romeo_in_Formula_One,Alfa Romeo,Swiss
1963,ats,http://en.wikipedia.org/wiki/ATS_(wheels),ATS,Italian
1963,brabham,http://en.wikipedia.org/wiki/Brabham,Brabham,British
1963,brm,http://en.wikipedia.org/wiki/BRM,BRM,British
1963,brp,http://en.wikipedia.org/wiki/British_Racing_Partnership,BRP,British
1963,cooper-climax,http://en.wikipedia.org/wiki/Cooper_Car_Company,Cooper-Climax,British
1963,cooper-maserati,http://en.wikipedia.org/wiki/Cooper_Car_Company,Cooper-Maserati,British
1963,tomaso,http://en.wikipedia.org/wiki/De_Tomaso,De Tomaso,Italian
1963,de_tomaso-ferrari,http://en.wikipedia.org/wiki/De_Tomaso,De Tomaso-Ferrari,Italian
1963,ferrari,http://en.wikipedia.org/wiki/Scuderia_Ferrari,Ferrari,Italian
1963,gilby,http://en.wikipedia.org/wiki/Gilby,Gilby,British
1963,lds,http://en.wikipedia.org/wiki/LDS_(automobile),LDS,South African
1963,lola,http://en.wikipedia.org/wiki/MasterCard_Lola,Lola,British
1963,lotus-borgward,http://en.wikipedia.org/wiki/Team_Lotus,Lotus-Borgward,British
1963,lotus-brm,http://en.wikipedia.org/wiki/Team_Lotus,Lotus-BRM,British
1963,lotus-climax,http://en.wikipedia.org/wiki/Team_Lotus,Lotus-Climax,British
1963,lotus-ford,http://en.wikipedia.org/wiki/Team_Lotus,Lotus-Ford,British
1963,lotus-maserati,http://en.wikipedia.org/wiki/Team_Lotus,Lotus-Maserati,British
1963,porsche,http://en.wikipedia.org/wiki/Porsche_in_Formula_One,Porsche,German
1963,scirocco,http://en.wikipedia.org/wiki/Scirocco-Powell,Scirocco,British
1963,stebro,http://en.wikipedia.org/wiki/Stebro,Stebro,Canadian
1963,team_lotus,http://en.wikipedia.org/wiki/Team_Lotus,Team Lotus,British
1964,brabham-brm,http://en.wikipedia.org/wiki/Brabham,Brabham-BRM,British
1964,brabham-climax,http://en.wikipedia.org/wiki/Brabham,Brabham-Climax,British
1964,brabham-ford,http://en.wikipedia.org/wiki/Brabham,Brabham-Ford,British
1964,brm,http://en.wikipedia.org/wiki/BRM,BRM,British
1964,brp,http://en.wikipedia.org/wiki/British_Racing_Partnership,BRP,British
1964,cooper-climax,http://en.wikipedia.org/wiki/Cooper_Car_Company,Cooper-Climax,British
1964,derrington,http://en.wikipedia.org/wiki/Derrington-Francis,Derrington,British
1964,ferrari,http://en.wikipedia.org/wiki/Scuderia_Ferrari,Ferrari,Italian
1964,honda,http://en.wikipedia.org/wiki/Honda_Racing_F1,Honda,Japanese
1964,lotus-brm,http://en.wikipedia.org/wiki/Team_Lotus,Lotus-BRM,British
1964,lotus-climax,http://en.wikipedia.org/wiki/Team_Lotus,Lotus-Climax,British
1964,porsche,http://en.wikipedia.org/wiki/Porsche_in_Formula_One,Porsche,German
1964,scirocco,http://en.wikipedia.org/wiki/Scirocco-Powell,Scirocco,British
1965,alfa,http://en.wikipedia.org/wiki/Alfa_Romeo_in_Formula_One,Alfa Romeo,Swiss
1965,brabham-brm,http://en.wikipedia.org/wiki/Brabham,Brabham-BRM,British
1965,brabham-climax,http://en.wikipedia.org/wiki/Brabham,Brabham-Climax,British
1965,brabham-ford,http://en.wikipedia.org/wiki/Brabham,Brabham-Ford,British
1965,brm,http://en.wikipedia.org/wiki/BRM,BRM,British
1965,cooper-climax,http://en.wikipedia.org/wiki/Cooper_Car_Company,Cooper-Climax,British
1965,cooper-ford,http://en.wikipedia.org/wiki/Cooper_Car_Company,Cooper-Ford,British
1965,cooper-maserati,http://en.wikipedia.org/wiki/Cooper_Car_Company,Cooper-Maserati,British
1965,ferrari,http://en.wikipedia.org/wiki/Scuderia_Ferrari,Ferrari,Italian
1965,honda,http://en.wikipedia.org/wiki/Honda_Racing_F1,Honda,Japanese
1965,lds-alfa_romeo,http://en.wikipedia.org/wiki/LDS_(automobile),LDS-Alfa Romeo,South African
1965,lds-climax,http://en.wikipedia.org/wiki/LDS_(automobile),LDS-Climax,South African
1965,lotus-brm,http://en.wikipedia.org/wiki/Team_Lotus,Lotus-BRM,British
1965,lotus-climax,http://en.wikipedia.org/wiki/Team_Lotus,Lotus-Climax,British
1965,lotus-ford,http://en.wikipedia.org/wiki/Team_Lotus,Lotus-Ford,British
1965,re,http://en.wikipedia.org/wiki/RE_%28automobile%29,RE,Rhodesian
1966,brabham-brm,http://en.wikipedia.org/wiki/Brabham,Brabham-BRM,British
1966,brabham-climax,http://en.wikipedia.org/wiki/Brabham,Brabham-Climax,British
1966,brabham-repco,http://en.wikipedia.org/wiki/Brabham,Brabham-Repco,British
1966,brm,http://en.wikipedia.org/wiki/BRM,BRM,British
1966,cooper-ferrari,http://en.wikipedia.org/wiki/Cooper_Car_Company,Cooper-Ferrari,British
1966,cooper-maserati,http://en.wikipedia.org/wiki/Cooper_Car_Company,Cooper-Maserati,British
1966,eagle-climax,http://en.wikipedia.org/wiki/Anglo_American_Racers,Eagle-Climax,American
1966,eagle-weslake,http://en.wikipedia.org/wiki/Anglo_American_Racers,Eagle-Weslake,American
1966,ferrari,http://en.wikipedia.org/wiki/Scuderia_Ferrari,Ferrari,Italian
1966,honda,http://en.wikipedia.org/wiki/Honda_Racing_F1,Honda,Japanese
1966,lotus-brm,http://en.wikipedia.org/wiki/Team_Lotus,Lotus-BRM,British
1966,lotus-climax,http://en.wikipedia.org/wiki/Team_Lotus,Lotus-Climax,British
1966,mclaren-ford,http://en.wikipedia.org/wiki/Team_McLaren,McLaren-Ford,British
1966,mclaren-seren,http://en.wikipedia.org/wiki/Team_McLaren,McLaren-Serenissima,British
1966,shannon,http://en.wikipedia.org/wiki/Shannon_(Formula_One),Shannon,British
1967,brabham-climax,http://en.wikipedia.org/wiki/Brabham,Brabham-Climax,British
1967,brabham-ford,http://en.wikipedia.org/wiki/Brabham,Brabham-Ford,British
1967,brabham-repco,http://en.wikipedia.org/wiki/Brabham,Brabham-Repco,British
1967,brm,http://en.wikipedia.org/wiki/BRM,BRM,British
1967,cooper-ats,http://en.wikipedia.org/wiki/Cooper_Car_Company,Cooper-ATS,British
1967,cooper-climax,http://en.wikipedia.org/wiki/Cooper_Car_Company,Cooper-Climax,British
1967,cooper-maserati,http://en.wikipedia.org/wiki/Cooper_Car_Company,Cooper-Maserati,British
1967,eagle-climax,http://en.wikipedia.org/wiki/Anglo_American_Racers,Eagle-Climax,American
1967,eagle-weslake,http://en.wikipedia.org/wiki/Anglo_American_Racers,Eagle-Weslake,American
1967,ferrari,http://en.wikipedia.org/wiki/Scuderia_Ferrari,Ferrari,Italian
1967,honda,http://en.wikipedia.org/wiki/Honda_Racing_F1,Honda,Japanese
1967,lds-climax,http://en.wikipedia.org/wiki/LDS_(automobile),LDS-Climax,South African
1967,lola,http://en.wikipedia.org/wiki/MasterCard_Lola,Lola,British
1967,lotus-brm,http://en.wikipedia.org/wiki/Team_Lotus,Lotus-BRM,British
1967,lotus-climax,http://en.wikipedia.org/wiki/Team_Lotus,Lotus-Climax,British
1967,lotus-ford,http://en.wikipedia.org/wiki/Team_Lotus,Lotus-Ford,British
1967,matra,http://en.wikipedia.org/wiki/Matra,Matra,French
1967,mclaren-brm,http://en.wikipedia.org/wiki/McLaren_(racing),McLaren-BRM,British
1967,mclaren-ford,http://en.wikipedia.org/wiki/Team_McLaren,McLaren-Ford,British
1967,protos,http://en.wikipedia.org/wiki/Protos_(constructor),Protos,British
1968,brabham-climax,http://en.wikipedia.org/wiki/Brabham,Brabham-Climax,British
1968,brabham-repco,http://en.wikipedia.org/wiki/Brabham,Brabham-Repco,British
1968,brm,http://en.wikipedia.org/wiki/BRM,BRM,British
1968,cooper-brm,http://en.wikipedia.org/wiki/Cooper_Car_Company,Cooper-BRM,British
1968,cooper-climax,http://en.wikipedia.org/wiki/Cooper_Car_Company,Cooper-Climax,British
1968,cooper-maserati,http://en.wikipedia.org/wiki/Cooper_Car_Company,Cooper-Maserati,British
1968,eagle-weslake,http://en.wikipedia.org/wiki/Anglo_American_Racers,Eagle-Weslake,American
1968,ferrari,http://en.wikipedia.org/wiki/Scuderia_Ferrari,Ferrari,Italian
1968,honda,http://en.wikipedia.org/wiki/Honda_Racing_F1,Honda,Japanese
1968,lds,http://en.wikipedia.org/wiki/LDS_(automobile),LDS,South African
1968,lola,http://en.wikipedia.org/wiki/MasterCard_Lola,Lola,British
1968,lotus-ford,http://en.wikipedia.org/wiki/Team_Lotus,Lotus-Ford,British
1968,matra,http://en.wikipedia.org/wiki/Matra,Matra,French
1968,matra-ford,http://en.wikipedia.org/wiki/Matra,Matra-Ford,French
1968,mclaren,http://en.wikipedia.org/wiki/McLaren,McLaren,British
1968,mclaren-brm,http://en.wikipedia.org/wiki/McLaren_(racing),McLaren-BRM,British
1968,mclaren-ford,http://en.wikipedia.org/wiki/Team_McLaren,McLaren-Ford,British
1969,brabham-climax,http://en.wikipedia.org/wiki/Brabham,Brabham-Climax,British
1969,brabham-ford,http://en.wikipedia.org/wiki/Brabham,Brabham-Ford,British
1969,brabham-repco,http://en.wikipedia.org/wiki/Brabham,Brabham-Repco,British
1969,brm,http://en.wikipedia.org/wiki/BRM,BRM,British
1969,brm-ford,http://en.wikipedia.org/wiki/BRM,BRM-Ford,British
1969,cooper-maserati,http://en.wikipedia.org/wiki/Cooper_Car_Company,Cooper-Maserati,British
1969,eagle-climax,http://en.wikipedia.org/wiki/Anglo_American_Racers,Eagle-Climax,American
1969,ferrari,http://en.wikipedia.org/wiki/Scuderia_Ferrari,Ferrari,Italian
1969,lotus-ford,http://en.wikipedia.org/wiki/Team_Lotus,Lotus-Ford,British
1969,matra-ford,http://en.wikipedia.org/wiki/Matra,Matra-Ford,French
1969,mclaren-ford,http://en.wikipedia.org/wiki/Team_McLaren,McLaren-Ford,British
1970,bellasi,http://en.wikipedia.org/wiki/Bellasi,Bellasi,Swiss
1970,brabham,http://en.wikipedia.org/wiki/Brabham,Brabham,British
1970,brm,http://en.wikipedia.org/wiki/BRM,BRM,British
1970,tomaso,http://en.wikipedia.org/wiki/De_Tomaso,De Tomaso,Italian
1970,ferrari,http://en.wikipedia.org/wiki/Scuderia_Ferrari,Ferrari,Italian
1970,march,http://en.wikipedia.org/wiki/March_Engineering,March,British
1970,matra,http://en.wikipedia.org/wiki/Matra,Matra,French
1970,mclaren-alfa_romeo,http://en.wikipedia.org/wiki/McLaren_(racing),McLaren-Alfa Romeo,British
1970,mclaren-ford,http://en.wikipedia.org/wiki/Team_McLaren,McLaren-Ford,British
1970,surtees,http://en.wikipedia.org/wiki/Surtees,Surtees,British
1970,team_lotus,http://en.wikipedia.org/wiki/Team_Lotus,Team Lotus,British
1970,tyrrell,http://en.wikipedia.org/wiki/Tyrrell_Racing,Tyrrell,British
1971,bellasi,http://en.wikipedia.org/wiki/Bellasi,Bellasi,Swiss
1971,brabham,http://en.wikipedia.org/wiki/Brabham,Brabham,British
1971,brm,http://en.wikipedia.org/wiki/BRM,BRM,British
1971,ferrari,http://en.wikipedia.org/wiki/Scuderia_Ferrari,Ferrari,Italian
1971,lotus-ford,http://en.wikipedia.org/wiki/Team_Lotus,Lotus-Ford,British
1971,lotus-pw,http://en.wikipedia.org/wiki/Team_Lotus,Lotus-Pratt & Whitney,British
1971,march-alfa_romeo,http://en.wikipedia.org/wiki/March_Engineering,March-Alfa Romeo,British
1971,march-ford,http://en.wikipedia.org/wiki/March_Engineering,March-Ford,British
1971,matra,http://en.wikipedia.org/wiki/Matra,Matra,French
1971,mclaren,http://en.wikipedia.org/wiki/McLaren,McLaren,British
1971,surtees,http://en.wikipedia.org/wiki/Surtees,Surtees,British
1971,tyrrell,http://en.wikipedia.org/wiki/Tyrrell_Racing,Tyrrell,British
1972,brabham,http://en.wikipedia.org/wiki/Brabham,Brabham,British
1972,brm,http://en.wikipedia.org/wiki/BRM,BRM,British
1972,connew,http://en.wikipedia.org/wiki/Connew,Connew,British
1972,ferrari,http://en.wikipedia.org/wiki/Scuderia_Ferrari,Ferrari,Italian
1972,march,http://en.wikipedia.org/wiki/March_Engineering,March,British
1972,matra,http://en.wikipedia.org/wiki/Matra,Matra,French
1972,mclaren,http://en.wikipedia.org/wiki/McLaren,McLaren,British
1972,politoys,http://en.wikipedia.org/wiki/Frank_Williams_Racing_Cars,Politoys,British
1972,surtees,http://en.wikipedia.org/wiki/Surtees,Surtees,British
1972,team_lotus,http://en.wikipedia.org/wiki/Team_Lotus,Team Lotus,British
1972,tecno,http://en.wikipedia.org/wiki/Tecno,Tecno,Italian
1972,tyrrell,http://en.wikipedia.org/wiki/Tyrrell_Racing,Tyrrell,British
1973,brabham,http://en.wikipedia.org/wiki/Brabham,Brabham,British
1973,brm,http://en.wikipedia.org/wiki/BRM,BRM,British
1973,ensign,http://en.wikipedia.org/wiki/Ensign_%28racing_team%29,Ensign,British
1973,ferrari,http://en.wikipedia.org/wiki/Scuderia_Ferrari,Ferrari,Italian
1973,iso_marlboro,http://en.wikipedia.org/wiki/Iso_Marlboro,Iso Marlboro,British
1973,march,http://en.wikipedia.org/wiki/March_Engineering,March,British
1973,mclaren,http://en.wikipedia.org/wiki/McLaren,McLaren,British
1973,shadow,http://en.wikipedia.org/wiki/Shadow_Racing_Cars,Shadow,British
1973,surtees,http://en.wikipedia.org/wiki/Surtees,Surtees,British
1973,team_lotus,http://en.wikipedia.org/wiki/Team_Lotus,Team Lotus,British
1973,tecno,http://en.wikipedia.org/wiki/Tecno,Tecno,Italian
1973,tyrrell,http://en.wikipedia.org/wiki/Tyrrell_Racing,Tyrrell,British
1974,amon,http://en.wikipedia.org/wiki/Amon_(Formula_One_team),Amon,New Zealander
1974,brabham,http://en.wikipedia.org/wiki/Brabham,Brabham,British
1974,brm,http://en.wikipedia.org/wiki/BRM,BRM,British
1974,ensign,http://en.wikipedia.org/wiki/Ensign_%28racing_team%29,Ensign,British
1974,ferrari,http://en.wikipedia.org/wiki/Scuderia_Ferrari,Ferrari,Italian
1974,hesketh,http://en.wikipedia.org/wiki/Hesketh_Racing,Hesketh,British
1974,iso_marlboro,http://en.wikipedia.org/wiki/Iso_Marlboro,Iso Marlboro,British
1974,lola,http://en.wikipedia.org/wiki/MasterCard_Lola,Lola,British
1974,lyncar,http://en.wikipedia.org/wiki/Lyncar,Lyncar,British
1974,maki,http://en.wikipedia.org/wiki/Maki_(cars),Maki,Japanese
1974,march,http://en.wikipedia.org/wiki/March_Engineering,March,British
1974,mclaren,http://en.wikipedia.org/wiki/McLaren,McLaren,British
1974,parnelli,http://en.wikipedia.org/wiki/Parnelli,Parnelli,American
1974,penske,http://en.wikipedia.org/wiki/Penske_Racing,Penske,American
1974,shadow,http://en.wikipedia.org/wiki/Shadow_Racing_Cars,Shadow,British
1974,surtees,http://en.wikipedia.org/wiki/Surtees,Surtees,British
1974,team_lotus,http://en.wikipedia.org/wiki/Team_Lotus,Team Lotus,British
1974,token,http://en.wikipedia.org/wiki/Token_(Racing_team),Token,British
1974,trojan,http://en.wikipedia.org/wiki/Trojan_(Racing_team),Trojan,British
1974,tyrrell,http://en.wikipedia.org/wiki/Tyrrell_Racing,Tyrrell,British
1975,brabham,http://en.wikipedia.org/wiki/Brabham,Brabham,British
1975,brm,http://en.wikipedia.org/wiki/BRM,BRM,British
1975,hill,http://en.wikipedia.org/wiki/Hill_(constructor),Embassy Hill,British
1975,ensign,http://en.wikipedia.org/wiki/Ensign_%28racing_team%29,Ensign,British
1975,ferrari,http://en.wikipedia.org/wiki/Scuderia_Ferrari,Ferrari,Italian
1975,fittipaldi,http://en.wikipedia.org/wiki/Fittipaldi_%28constructor%29,Fittipaldi,Brazilian
1975,hesketh,http://en.wikipedia.org/wiki/Hesketh_Racing,Hesketh,British
1975,lola,http://en.wikipedia.org/wiki/MasterCard_Lola,Lola,British
1975,lyncar,http://en.wikipedia.org/wiki/Lyncar,Lyncar,British
1975,maki,http://en.wikipedia.org/wiki/Maki_(cars),Maki,Japanese
1975,march,http://en.wikipedia.org/wiki/March_Engineering,March,British
1975,mclaren,http://en.wikipedia.org/wiki/McLaren,McLaren,British
1975,parnelli,http://en.wikipedia.org/wiki/Parnelli,Parnelli,American
1975,penske,http://en.wikipedia.org/wiki/Penske_Racing,Penske,American
1975,shadow-ford,http://en.wikipedia.org/wiki/Shadow_Racing_Cars,Shadow-Ford,British
1975,shadow-matra,http://en.wikipedia.org/wiki/Shadow_Racing_Cars,Shadow-Matra,British
1975,surtees,http://en.wikipedia.org/wiki/Surtees,Surtees,British
1975,team_lotus,http://en.wikipedia.org/wiki/Team_Lotus,Team Lotus,British
1975,tyrrell,http://en.wikipedia.org/wiki/Tyrrell_Racing,Tyrrell,British
1975,williams,http://en.wikipedia.org/wiki/Williams_Grand_Prix_Engineering,Williams,British
1976,boro,http://en.wikipedia.org/wiki/Boro_(Formula_One),Boro,Dutch
1976,brabham-alfa_romeo,http://en.wikipedia.org/wiki/Brabham,Brabham-Alfa Romeo,British
1976,brabham-ford,http://en.wikipedia.org/wiki/Brabham,Brabham-Ford,British
1976,brm,http://en.wikipedia.org/wiki/BRM,BRM,British
1976,ensign,http://en.wikipedia.org/wiki/Ensign_%28racing_team%29,Ensign,British
1976,ferrari,http://en.wikipedia.org/wiki/Scuderia_Ferrari,Ferrari,Italian
1976,fittipaldi,http://en.wikipedia.org/wiki/Fittipaldi_%28constructor%29,Fittipaldi,Brazilian
1976,hesketh,http://en.wikipedia.org/wiki/Hesketh_Racing,Hesketh,British
1976,kojima,http://en.wikipedia.org/wiki/Kojima_Engineering,Kojima,Japanese
1976,ligier,http://en.wikipedia.org/wiki/Ligier,Ligier,French
1976,maki,http://en.wikipedia.org/wiki/Maki_(cars),Maki,Japanese
1976,march,http://en.wikipedia.org/wiki/March_Engineering,March,British
1976,mclaren,http://en.wikipedia.org/wiki/McLaren,McLaren,British
1976,parnelli,http://en.wikipedia.org/wiki/Parnelli,Parnelli,American
1976,penske,http://en.wikipedia.org/wiki/Penske_Racing,Penske,American
1976,shadow,http://en.wikipedia.org/wiki/Shadow_Racing_Cars,Shadow,British
1976,surtees,http://en.wikipedia.org/wiki/Surtees,Surtees,British
1976,team_lotus,http://en.wikipedia.org/wiki/Team_Lotus,Team Lotus,British
1976,tyrrell,http://en.wikipedia.org/wiki/Tyrrell_Racing,Tyrrell,British
1976,williams,http://en.wikipedia.org/wiki/Williams_Grand_Prix_Engineering,Williams,British
1976,wolf,http://en.wikipedia.org/wiki/Walter_Wolf_Racing,Wolf,Canadian
1977,apollon,http://en.wikipedia.org/wiki/Apollon_(Formula_One),Apollon,Swiss
1977,boro,http://en.wikipedia.org/wiki/Boro_(Formula_One),Boro,Dutch
1977,brabham,http://en.wikipedia.org/wiki/Brabham,Brabham,British
1977,brm,http://en.wikipedia.org/wiki/BRM,BRM,British
1977,ensign,http://en.wikipedia.org/wiki/Ensign_%28racing_team%29,Ensign,British
1977,ferrari,http://en.wikipedia.org/wiki/Scuderia_Ferrari,Ferrari,Italian
1977,fittipaldi,http://en.wikipedia.org/wiki/Fittipaldi_%28constructor%29,Fittipaldi,Brazilian
1977,hesketh,http://en.wikipedia.org/wiki/Hesketh_Racing,Hesketh,British
1977,kojima,http://en.wikipedia.org/wiki/Kojima_Engineering,Kojima,Japanese
1977,lec,http://en.wikipedia.org/wiki/LEC_(Formula_One),LEC,British
1977,ligier,http://en.wikipedia.org/wiki/Ligier,Ligier,French
1977,march,http://en.wikipedia.org/wiki/March_Engineering,March,British
1977,mcguire,http://en.wikipedia.org/wiki/McGuire_(Formula_One),McGuire,Australian
1977,mclaren,http://en.wikipedia.org/wiki/McLaren,McLaren,British
1977,penske,http://en.wikipedia.org/wiki/Penske_Racing,Penske,American
1977,renault,http://en.wikipedia.org/wiki/Renault_in_Formula_One,Renault,French
1977,shadow,http://en.wikipedia.org/wiki/Shadow_Racing_Cars,Shadow,British
1977,surtees,http://en.wikipedia.org/wiki/Surtees,Surtees,British
1977,team_lotus,http://en.wikipedia.org/wiki/Team_Lotus,Team Lotus,British
1977,tyrrell,http://en.wikipedia.org/wiki/Tyrrell_Racing,Tyrrell,British
1977,wolf,http://en.wikipedia.org/wiki/Walter_Wolf_Racing,Wolf,Canadian
1978,arrows,http://en.wikipedia.org/wiki/Arrows_Grand_Prix_International,Arrows,British
1978,ats,http://en.wikipedia.org/wiki/ATS_(wheels),ATS,Italian
1978,brabham,http://en.wikipedia.org/wiki/Brabham,Brabham,British
1978,ensign,http://en.wikipedia.org/wiki/Ensign_%28racing_team%29,Ensign,British
1978,ferrari,http://en.wikipedia.org/wiki/Scuderia_Ferrari,Ferrari,Italian
1978,fittipaldi,http://en.wikipedia.org/wiki/Fittipaldi_%28constructor%29,Fittipaldi,Brazilian
1978,hesketh,http://en.wikipedia.org/wiki/Hesketh_Racing,Hesketh,British
1978,ligier,http://en.wikipedia.org/wiki/Ligier,Ligier,French
1978,martini,http://en.wikipedia.org/wiki/Martini_(cars),Martini,French
1978,mclaren,http://en.wikipedia.org/wiki/McLaren,McLaren,British
1978,merzario,http://en.wikipedia.org/wiki/Merzario,Merzario,Italian
1978,renault,http://en.wikipedia.org/wiki/Renault_in_Formula_One,Renault,French
1978,shadow,http://en.wikipedia.org/wiki/Shadow_Racing_Cars,Shadow,British
1978,surtees,http://en.wikipedia.org/wiki/Surtees,Surtees,British
1978,team_lotus,http://en.wikipedia.org/wiki/Team_Lotus,Team Lotus,British
1978,theodore,http://en.wikipedia.org/wiki/Theodore_Racing,Theodore,Hong Kong
1978,tyrrell,http://en.wikipedia.org/wiki/Tyrrell_Racing,Tyrrell,British
1978,williams,http://en.wikipedia.org/wiki/Williams_Grand_Prix_Engineering,Williams,British
1978,wolf,http://en.wikipedia.org/wiki/Walter_Wolf_Racing,Wolf,Canadian
1979,alfa,http://en.wikipedia.org/wiki/Alfa_Romeo_in_Formula_One,Alfa Romeo,Swiss
1979,arrows,http://en.wikipedia.org/wiki/Arrows_Grand_Prix_International,Arrows,British
1979,ats,http://en.wikipedia.org/wiki/ATS_(wheels),ATS,Italian
1979,brabham-alfa_romeo,http://en.wikipedia.org/wiki/Brabham,Brabham-Alfa Romeo,British
1979,brabham-ford,http://en.wikipedia.org/wiki/Brabham,Brabham-Ford,British
1979,ensign,http://en.wikipedia.org/wiki/Ensign_%28racing_team%29,Ensign,British
1979,ferrari,http://en.wikipedia.org/wiki/Scuderia_Ferrari,Ferrari,Italian
1979,fittipaldi,http://en.wikipedia.org/wiki/Fittipaldi_%28constructor%29,Fittipaldi,Brazilian
1979,kauhsen,http://en.wikipedia.org/wiki/Kauhsen,Kauhsen,German
1979,ligier,http://en.wikipedia.org/wiki/Ligier,Ligier,French
1979,mclaren,http://en.wikipedia.org/wiki/McLaren,McLaren,British
1979,merzario,http://en.wikipedia.org/wiki/Merzario,Merzario,Italian
1979,rebaque,http://en.wikipedia.org/wiki/Rebaque,Rebaque,Mexican
1979,renault,http://en.wikipedia.org/wiki/Renault_in_Formula_One,Renault,French
1979,shadow,http://en.wikipedia.org/wiki/Shadow_Racing_Cars,Shadow,British
1979,team_lotus,http://en.wikipedia.org/wiki/Team_Lotus,Team Lotus,British
1979,tyrrell,http://en.wikipedia.org/wiki/Tyrrell_Racing,Tyrrell,British
1979,williams,http://en.wikipedia.org/wiki/Williams_Grand_Prix_Engineering,Williams,British
1979,wolf,http://en.wikipedia.org/wiki/Walter_Wolf_Racing,Wolf,Canadian
1980,alfa,http://en.wikipedia.org/wiki/Alfa_Romeo_in_Formula_One,Alfa Romeo,Swiss
1980,arrows,http://en.wikipedia.org/wiki/Arrows_Grand_Prix_International,Arrows,British
1980,ats,http://en.wikipedia.org/wiki/ATS_(wheels),ATS,Italian
1980,brabham,http://en.wikipedia.org/wiki/Brabham,Brabham,British
1980,ensign,http://en.wikipedia.org/wiki/Ensign_%28racing_team%29,Ensign,British
1980,ferrari,http://en.wikipedia.org/wiki/Scuderia_Ferrari,Ferrari,Italian
1980,fittipaldi,http://en.wikipedia.org/wiki/Fittipaldi_%28constructor%29,Fittipaldi,Brazilian
1980,ligier,http://en.wikipedia.org/wiki/Ligier,Ligier,French
1980,mclaren,http://en.wikipedia.org/wiki/McLaren,McLaren,British
1980,osella,http://en.wikipedia.org/wiki/Osella,Osella,Italian
1980,renault,http://en.wikipedia.org/wiki/Renault_in_Formula_One,Renault,French
1980,shadow,http://en.wikipedia.org/wiki/Shadow_Racing_Cars,Shadow,British
1980,team_lotus,http://en.wikipedia.org/wiki/Team_Lotus,Team Lotus,British
1980,tyrrell,http://en.wikipedia.org/wiki/Tyrrell_Racing,Tyrrell,British
1980,williams,http://en.wikipedia.org/wiki/Williams_Grand_Prix_Engineering,Williams,British
1981,alfa,http://en.wikipedia.org/wiki/Alfa_Romeo_in_Formula_One,Alfa Romeo,Swiss
1981,arrows,http://en.wikipedia.org/wiki/Arrows_Grand_Prix_International,Arrows,British
1981,ats,http://en.wikipedia.org/wiki/ATS_(wheels),ATS,Italian
1981,brabham,http://en.wikipedia.org/wiki/Brabham,Brabham,British
1981,ensign,http://en.wikipedia.org/wiki/Ensign_%28racing_team%29,Ensign,British
1981,ferrari,http://en.wikipedia.org/wiki/Scuderia_Ferrari,Ferrari,Italian
1981,fittipaldi,http://en.wikipedia.org/wiki/Fittipaldi_%28constructor%29,Fittipaldi,Brazilian
1981,ligier,http://en.wikipedia.org/wiki/Ligier,Ligier,French
1981,march,http://en.wikipedia.org/wiki/March_Engineering,March,British
1981,mclaren,http://en.wikipedia.org/wiki/McLaren,McLaren,British
1981,osella,http://en.wikipedia.org/wiki/Osella,Osella,Italian
1981,renault,http://en.wikipedia.org/wiki/Renault_in_Formula_One,Renault,French
1981,team_lotus,http://en.wikipedia.org/wiki/Team_Lotus,Team Lotus,British
1981,theodore,http://en.wikipedia.org/wiki/Theodore_Racing,Theodore,Hong Kong
1981,toleman,http://en.wikipedia.org/wiki/Toleman,Toleman,British
1981,tyrrell,http://en.wikipedia.org/wiki/Tyrrell_Racing,Tyrrell,British
1981,williams,http://en.wikipedia.org/wiki/Williams_Grand_Prix_Engineering,Williams,British
1982,alfa,http://en.wikipedia.org/wiki/Alfa_Romeo_in_Formula_One,Alfa Romeo,Swiss
1982,arrows,http://en.wikipedia.org/wiki/Arrows_Grand_Prix_International,Arrows,British
1982,ats,http://en.wikipedia.org/wiki/ATS_(wheels),ATS,Italian
1982,brabham,http://en.wikipedia.org/wiki/Brabham,Brabham,British
1982,ensign,http://en.wikipedia.org/wiki/Ensign_%28racing_team%29,Ensign,British
1982,ferrari,http://en.wikipedia.org/wiki/Scuderia_Ferrari,Ferrari,Italian
1982,fittipaldi,http://en.wikipedia.org/wiki/Fittipaldi_%28constructor%29,Fittipaldi,Brazilian
1982,ligier,http://en.wikipedia.org/wiki/Ligier,Ligier,French
1982,march,http://en.wikipedia.org/wiki/March_Engineering,March,British
1982,mclaren,http://en.wikipedia.org/wiki/McLaren,McLaren,British
1982,osella,http://en.wikipedia.org/wiki/Osella,Osella,Italian
1982,renault,http://en.wikipedia.org/wiki/Renault_in_Formula_One,Renault,French
1982,team_lotus,http://en.wikipedia.org/wiki/Team_Lotus,Team Lotus,British
1982,theodore,http://en.wikipedia.org/wiki/Theodore_Racing,Theodore,Hong Kong
1982,toleman,http://en.wikipedia.org/wiki/Toleman,Toleman,British
1982,tyrrell,http://en.wikipedia.org/wiki/Tyrrell_Racing,Tyrrell,British
1982,williams,http://en.wikipedia.org/wiki/Williams_Grand_Prix_Engineering,Williams,British
1983,alfa,http://en.wikipedia.org/wiki/Alfa_Romeo_in_Formula_One,Alfa Romeo,Swiss
1983,arrows,http://en.wikipedia.org/wiki/Arrows_Grand_Prix_International,Arrows,British
1983,ats,http://en.wikipedia.org/wiki/ATS_(wheels),ATS,Italian
1983,brabham,http://en.wikipedia.org/wiki/Brabham,Brabham,British
1983,ferrari,http://en.wikipedia.org/wiki/Scuderia_Ferrari,Ferrari,Italian
1983,ligier,http://en.wikipedia.org/wiki/Ligier,Ligier,French
1983,mclaren,http://en.wikipedia.org/wiki/McLaren,McLaren,British
1983,osella,http://en.wikipedia.org/wiki/Osella,Osella,Italian
1983,ram,http://en.wikipedia.org/wiki/RAM_Racing,RAM,British
1983,renault,http://en.wikipedia.org/wiki/Renault_in_Formula_One,Renault,French
1983,spirit,http://en.wikipedia.org/wiki/Spirit_(racing_team),Spirit,British
1983,team_lotus,http://en.wikipedia.org/wiki/Team_Lotus,Team Lotus,British
1983,theodore,http://en.wikipedia.org/wiki/Theodore_Racing,Theodore,Hong Kong
1983,toleman,http://en.wikipedia.org/wiki/Toleman,Toleman,British
1983,tyrrell,http://en.wikipedia.org/wiki/Tyrrell_Racing,Tyrrell,British
1983,williams,http://en.wikipedia.org/wiki/Williams_Grand_Prix_Engineering,Williams,British
1984,alfa,http://en.wikipedia.org/wiki/Alfa_Romeo_in_Formula_One,Alfa Romeo,Swiss
1984,arrows,http://en.wikipedia.org/wiki/Arrows_Grand_Prix_International,Arrows,British
1984,ats,http://en.wikipedia.org/wiki/ATS_(wheels),ATS,Italian
1984,brabham,http://en.wikipedia.org/wiki/Brabham,Brabham,British
1984,ferrari,http://en.wikipedia.org/wiki/Scuderia_Ferrari,Ferrari,Italian
1984,ligier,http://en.wikipedia.org/wiki/Ligier,Ligier,French
1984,mclaren,http://en.wikipedia.org/wiki/McLaren,McLaren,British
1984,osella,http://en.wikipedia.org/wiki/Osella,Osella,Italian
1984,ram,http://en.wikipedia.org/wiki/RAM_Racing,RAM,British
1984,renault,http://en.wikipedia.org/wiki/Renault_in_Formula_One,Renault,French
1984,spirit,http://en.wikipedia.org/wiki/Spirit_(racing_team),Spirit,British
1984,team_lotus,http://en.wikipedia.org/wiki/Team_Lotus,Team Lotus,British
1984,toleman,http://en.wikipedia.org/wiki/Toleman,Toleman,British
1984,tyrrell,http://en.wikipedia.org/wiki/Tyrrell_Racing,Tyrrell,British
1984,williams,http://en.wikipedia.org/wiki/Williams_Grand_Prix_Engineering,Williams,British
1985,alfa,http://en.wikipedia.org/wiki/Alfa_Romeo_in_Formula_One,Alfa Romeo,Swiss
1985,arrows,http://en.wikipedia.org/wiki/Arrows_Grand_Prix_International,Arrows,British
1985,brabham,http://en.wikipedia.org/wiki/Brabham,Brabham,British
1985,ferrari,http://en.wikipedia.org/wiki/Scuderia_Ferrari,Ferrari,Italian
1985,ligier,http://en.wikipedia.org/wiki/Ligier,Ligier,French
1985,lola,http://en.wikipedia.org/wiki/MasterCard_Lola,Lola,British
1985,mclaren,http://en.wikipedia.org/wiki/McLaren,McLaren,British
1985,minardi,http://en.wikipedia.org/wiki/Minardi,Minardi,Italian
1985,osella,http://en.wikipedia.org/wiki/Osella,Osella,Italian
1985,ram,http://en.wikipedia.org/wiki/RAM_Racing,RAM,British
1985,renault,http://en.wikipedia.org/wiki/Renault_in_Formula_One,Renault,French
1985,spirit,http://en.wikipedia.org/wiki/Spirit_(racing_team),Spirit,British
1985,team_lotus,http://en.wikipedia.org/wiki/Team_Lotus,Team Lotus,British
1985,toleman,http://en.wikipedia.org/wiki/Toleman,Toleman,British
1985,tyrrell,http://en.wikipedia.org/wiki/Tyrrell_Racing,Tyrrell,British
1985,williams,http://en.wikipedia.org/wiki/Williams_Grand_Prix_Engineering,Williams,British
1985,zakspeed,http://en.wikipedia.org/wiki/Zakspeed,Zakspeed,German
1986,ags,http://en.wikipedia.org/wiki/Automobiles_Gonfaronnaises_Sportives,AGS,French
1986,arrows,http://en.wikipedia.org/wiki/Arrows_Grand_Prix_International,Arrows,British
1986,benetton,http://en.wikipedia.org/wiki/Benetton_Formula,Benetton,Italian
1986,brabham,http://en.wikipedia.org/wiki/Brabham,Brabham,British
1986,ferrari,http://en.wikipedia.org/wiki/Scuderia_Ferrari,Ferrari,Italian
1986,ligier,http://en.wikipedia.org/wiki/Ligier,Ligier,French
1986,lola,http://en.wikipedia.org/wiki/MasterCard_Lola,Lola,British
1986,mclaren,http://en.wikipedia.org/wiki/McLaren,McLaren,British
1986,minardi,http://en.wikipedia.org/wiki/Minardi,Minardi,Italian
1986,osella,http://en.wikipedia.org/wiki/Osella,Osella,Italian
1986,team_lotus,http://en.wikipedia.org/wiki/Team_Lotus,Team Lotus,British
1986,tyrrell,http://en.wikipedia.org/wiki/Tyrrell_Racing,Tyrrell,British
1986,williams,http://en.wikipedia.org/wiki/Williams_Grand_Prix_Engineering,Williams,British
1986,zakspeed,http://en.wikipedia.org/wiki/Zakspeed,Zakspeed,German
1987,ags,http://en.wikipedia.org/wiki/Automobiles_Gonfaronnaises_Sportives,AGS,French
1987,arrows,http://en.wikipedia.org/wiki/Arrows_Grand_Prix_International,Arrows,British
1987,benetton,http://en.wikipedia.org/wiki/Benetton_Formula,Benetton,Italian
1987,brabham,http://en.wikipedia.org/wiki/Brabham,Brabham,British
1987,coloni,http://en.wikipedia.org/wiki/Enzo_Coloni_Racing_Car_Systems,Coloni,Italian
1987,ferrari,http://en.wikipedia.org/wiki/Scuderia_Ferrari,Ferrari,Italian
1987,larrousse,http://en.wikipedia.org/wiki/Larrousse,Larrousse,French
1987,ligier,http://en.wikipedia.org/wiki/Ligier,Ligier,French
1987,march,http://en.wikipedia.org/wiki/March_Engineering,March,British
1987,mclaren,http://en.wikipedia.org/wiki/McLaren,McLaren,British
1987,minardi,http://en.wikipedia.org/wiki/Minardi,Minardi,Italian
1987,osella,http://en.wikipedia.org/wiki/Osella,Osella,Italian
1987,team_lotus,http://en.wikipedia.org/wiki/Team_Lotus,Team Lotus,British
1987,tyrrell,http://en.wikipedia.org/wiki/Tyrrell_Racing,Tyrrell,British
1987,williams,http://en.wikipedia.org/wiki/Williams_Grand_Prix_Engineering,Williams,British
1987,zakspeed,http://en.wikipedia.org/wiki/Zakspeed,Zakspeed,German
1988,ags,http://en.wikipedia.org/wiki/Automobiles_Gonfaronnaises_Sportives,AGS,French
1988,arrows,http://en.wikipedia.org/wiki/Arrows_Grand_Prix_International,Arrows,British
1988,benetton,http://en.wikipedia.org/wiki/Benetton_Formula,Benetton,Italian
1988,coloni,http://en.wikipedia.org/wiki/Enzo_Coloni_Racing_Car_Systems,Coloni,Italian
1988,dallara,http://en.wikipedia.org/wiki/Dallara,Dallara,Italian
1988,eurobrun,http://en.wikipedia.org/wiki/Euro_Brun,Euro Brun,Italian
1988,ferrari,http://en.wikipedia.org/wiki/Scuderia_Ferrari,Ferrari,Italian
1988,larrousse,http://en.wikipedia.org/wiki/Larrousse,Larrousse,French
1988,ligier,http://en.wikipedia.org/wiki/Ligier,Ligier,French
1988,march,http://en.wikipedia.org/wiki/March_Engineering,March,British
1988,mclaren,http://en.wikipedia.org/wiki/McLaren,McLaren,British
1988,minardi,http://en.wikipedia.org/wiki/Minardi,Minardi,Italian
1988,osella,http://en.wikipedia.org/wiki/Osella,Osella,Italian
1988,rial,http://en.wikipedia.org/wiki/Rial_%28racing_team%29,Rial,German
1988,team_lotus,http://en.wikipedia.org/wiki/Team_Lotus,Team Lotus,British
1988,tyrrell,http://en.wikipedia.org/wiki/Tyrrell_Racing,Tyrrell,British
1988,williams,http://en.wikipedia.org/wiki/Williams_Grand_Prix_Engineering,Williams,British
1988,zakspeed,http://en.wikipedia.org/wiki/Zakspeed,Zakspeed,German
1989,ags,http://en.wikipedia.org/wiki/Automobiles_Gonfaronnaises_Sportives,AGS,French
1989,arrows,http://en.wikipedia.org/wiki/Arrows_Grand_Prix_International,Arrows,British
1989,benetton,http://en.wikipedia.org/wiki/Benetton_Formula,Benetton,Italian
1989,brabham,http://en.wikipedia.org/wiki/Brabham,Brabham,British
1989,coloni,http://en.wikipedia.org/wiki/Enzo_Coloni_Racing_Car_Systems,Coloni,Italian
1989,dallara,http://en.wikipedia.org/wiki/Dallara,Dallara,Italian
1989,eurobrun,http://en.wikipedia.org/wiki/Euro_Brun,Euro Brun,Italian
1989,ferrari,http://en.wikipedia.org/wiki/Scuderia_Ferrari,Ferrari,Italian
1989,larrousse,http://en.wikipedia.org/wiki/Larrousse,Larrousse,French
1989,ligier,http://en.wikipedia.org/wiki/Ligier,Ligier,French
1989,march,http://en.wikipedia.org/wiki/March_Engineering,March,British
1989,mclaren,http://en.wikipedia.org/wiki/McLaren,McLaren,British
1989,minardi,http://en.wikipedia.org/wiki/Minardi,Minardi,Italian
1989,onyx,http://en.wikipedia.org/wiki/Onyx_(racing_team),Onyx,British
1989,osella,http://en.wikipedia.org/wiki/Osella,Osella,Italian
1989,rial,http://en.wikipedia.org/wiki/Rial_%28racing_team%29,Rial,German
1989,team_lotus,http://en.wikipedia.org/wiki/Team_Lotus,Team Lotus,British
1989,tyrrell,http://en.wikipedia.org/wiki/Tyrrell_Racing,Tyrrell,British
1989,williams,http://en.wikipedia.org/wiki/Williams_Grand_Prix_Engineering,Williams,British
1989,zakspeed,http://en.wikipedia.org/wiki/Zakspeed,Zakspeed,German
1990,ags,http://en.wikipedia.org/wiki/Automobiles_Gonfaronnaises_Sportives,AGS,French
1990,arrows,http://en.wikipedia.org/wiki/Arrows_Grand_Prix_International,Arrows,British
1990,benetton,http://en.wikipedia.org/wiki/Benetton_Formula,Benetton,Italian
1990,brabham,http://en.wikipedia.org/wiki/Brabham,Brabham,British
1990,coloni,http://en.wikipedia.org/wiki/Enzo_Coloni_Racing_Car_Systems,Coloni,Italian
1990,dallara,http://en.wikipedia.org/wiki/Dallara,Dallara,Italian
1990,eurobrun,http://en.wikipedia.org/wiki/Euro_Brun,Euro Brun,Italian
1990,ferrari,http://en.wikipedia.org/wiki/Scuderia_Ferrari,Ferrari,Italian
1990,larrousse,http://en.wikipedia.org/wiki/Larrousse,Larrousse,French
1990,leyton,http://en.wikipedia.org/wiki/Leyton_House,Leyton House,British
1990,life,http://en.wikipedia.org/wiki/Life_(Racing_Team),Life,Italian
1990,ligier,http://en.wikipedia.org/wiki/Ligier,Ligier,French
1990,mclaren,http://en.wikipedia.org/wiki/McLaren,McLaren,British
1990,minardi,http://en.wikipedia.org/wiki/Minardi,Minardi,Italian
1990,onyx,http://en.wikipedia.org/wiki/Onyx_(racing_team),Onyx,British
1990,osella,http://en.wikipedia.org/wiki/Osella,Osella,Italian
1990,team_lotus,http://en.wikipedia.org/wiki/Team_Lotus,Team Lotus,British
1990,tyrrell,http://en.wikipedia.org/wiki/Tyrrell_Racing,Tyrrell,British
1990,williams,http://en.wikipedia.org/wiki/Williams_Grand_Prix_Engineering,Williams,British
1991,ags,http://en.wikipedia.org/wiki/Automobiles_Gonfaronnaises_Sportives,AGS,French
1991,benetton,http://en.wikipedia.org/wiki/Benetton_Formula,Benetton,Italian
1991,brabham,http://en.wikipedia.org/wiki/Brabham,Brabham,British
1991,coloni,http://en.wikipedia.org/wiki/Enzo_Coloni_Racing_Car_Systems,Coloni,Italian
1991,dallara,http://en.wikipedia.org/wiki/Dallara,Dallara,Italian
1991,ferrari,http://en.wikipedia.org/wiki/Scuderia_Ferrari,Ferrari,Italian
1991,fondmetal,http://en.wikipedia.org/wiki/Fondmetal,Fondmetal,Italian
1991,footwork,http://en.wikipedia.org/wiki/Footwork_Arrows,Footwork,British
1991,jordan,http://en.wikipedia.org/wiki/Jordan_Grand_Prix,Jordan,Irish
1991,lambo,http://en.wikipedia.org/wiki/Modena_(racing_team),Lambo,Italian
1991,larrousse,http://en.wikipedia.org/wiki/Larrousse,Larrousse,French
1991,leyton,http://en.wikipedia.org/wiki/Leyton_House,Leyton House,British
1991,ligier,http://en.wikipedia.org/wiki/Ligier,Ligier,French
1991,lola,http://en.wikipedia.org/wiki/MasterCard_Lola,Lola,British
1991,mclaren,http://en.wikipedia.org/wiki/McLaren,McLaren,British
1991,minardi,http://en.wikipedia.org/wiki/Minardi,Minardi,Italian
1991,team_lotus,http://en.wikipedia.org/wiki/Team_Lotus,Team Lotus,British
1991,tyrrell,http://en.wikipedia.org/wiki/Tyrrell_Racing,Tyrrell,British
1991,williams,http://en.wikipedia.org/wiki/Williams_Grand_Prix_Engineering,Williams,British
1992,moda,http://en.wikipedia.org/wiki/Andrea_Moda_Formula,Andrea Moda,Italian
1992,benetton,http://en.wikipedia.org/wiki/Benetton_Formula,Benetton,Italian
1992,brabham,http://en.wikipedia.org/wiki/Brabham,Brabham,British
1992,dallara,http://en.wikipedia.org/wiki/Dallara,Dallara,Italian
1992,ferrari,http://en.wikipedia.org/wiki/Scuderia_Ferrari,Ferrari,Italian
1992,fondmetal,http://en.wikipedia.org/wiki/Fondmetal,Fondmetal,Italian
1992,footwork,http://en.wikipedia.org/wiki/Footwork_Arrows,Footwork,British
1992,jordan,http://en.wikipedia.org/wiki/Jordan_Grand_Prix,Jordan,Irish
1992,larrousse,http://en.wikipedia.org/wiki/Larrousse,Larrousse,French
1992,ligier,http://en.wikipedia.org/wiki/Ligier,Ligier,French
1992,march,http://en.wikipedia.org/wiki/March_Engineering,March,British
1992,mclaren,http://en.wikipedia.org/wiki/McLaren,McLaren,British
1992,minardi,http://en.wikipedia.org/wiki/Minardi,Minardi,Italian
1992,team_lotus,http://en.wikipedia.org/wiki/Team_Lotus,Team Lotus,British
1992,tyrrell,http://en.wikipedia.org/wiki/Tyrrell_Racing,Tyrrell,British
1992,williams,http://en.wikipedia.org/wiki/Williams_Grand_Prix_Engineering,Williams,British
1993,benetton,http://en.wikipedia.org/wiki/Benetton_Formula,Benetton,Italian
1993,ferrari,http://en.wikipedia.org/wiki/Scuderia_Ferrari,Ferrari,Italian
1993,footwork,http://en.wikipedia.org/wiki/Footwork_Arrows,Footwork,British
1993,jordan,http://en.wikipedia.org/wiki/Jordan_Grand_Prix,Jordan,Irish
1993,larrousse,http://en.wikipedia.org/wiki/Larrousse,Larrousse,French
1993,ligier,http://en.wikipedia.org/wiki/Ligier,Ligier,French
1993,lola,http://en.wikipedia.org/wiki/MasterCard_Lola,Lola,British
1993,mclaren,http://en.wikipedia.org/wiki/McLaren,McLaren,British
1993,minardi,http://en.wikipedia.org/wiki/Minardi,Minardi,Italian
1993,sauber,http://en.wikipedia.org/wiki/Sauber_Motorsport,Sauber,Swiss
1993,team_lotus,http://en.wikipedia.org/wiki/Team_Lotus,Team Lotus,British
1993,tyrrell,http://en.wikipedia.org/wiki/Tyrrell_Racing,Tyrrell,British
1993,williams,http://en.wikipedia.org/wiki/Williams_Grand_Prix_Engineering,Williams,British
1994,benetton,http://en.wikipedia.org/wiki/Benetton_Formula,Benetton,Italian
1994,ferrari,http://en.wikipedia.org/wiki/Scuderia_Ferrari,Ferrari,Italian
1994,footwork,http://en.wikipedia.org/wiki/Footwork_Arrows,Footwork,British
1994,jordan,http://en.wikipedia.org/wiki/Jordan_Grand_Prix,Jordan,Irish
1994,larrousse,http://en.wikipedia.org/wiki/Larrousse,Larrousse,French
1994,ligier,http://en.wikipedia.org/wiki/Ligier,Ligier,French
1994,mclaren,http://en.wikipedia.org/wiki/McLaren,McLaren,British
1994,minardi,http://en.wikipedia.org/wiki/Minardi,Minardi,Italian
1994,pacific,http://en.wikipedia.org/wiki/Pacific_Racing,Pacific,British
1994,sauber,http://en.wikipedia.org/wiki/Sauber_Motorsport,Sauber,Swiss
1994,simtek,http://en.wikipedia.org/wiki/Simtek,Simtek,British
1994,team_lotus,http://en.wikipedia.org/wiki/Team_Lotus,Team Lotus,British
1994,tyrrell,http://en.wikipedia.org/wiki/Tyrrell_Racing,Tyrrell,British
1994,williams,http://en.wikipedia.org/wiki/Williams_Grand_Prix_Engineering,Williams,British
1995,benetton,http://en.wikipedia.org/wiki/Benetton_Formula,Benetton,Italian
1995,ferrari,http://en.wikipedia.org/wiki/Scuderia_Ferrari,Ferrari,Italian
1995,footwork,http://en.wikipedia.org/wiki/Footwork_Arrows,Footwork,British
1995,forti,http://en.wikipedia.org/wiki/Forti,Forti,Italian
1995,jordan,http://en.wikipedia.org/wiki/Jordan_Grand_Prix,Jordan,Irish
1995,ligier,http://en.wikipedia.org/wiki/Ligier,Ligier,French
1995,mclaren,http://en.wikipedia.org/wiki/McLaren,McLaren,British
1995,minardi,http://en.wikipedia.org/wiki/Minardi,Minardi,Italian
1995,pacific,http://en.wikipedia.org/wiki/Pacific_Racing,Pacific,British
1995,sauber,http://en.wikipedia.org/wiki/Sauber_Motorsport,Sauber,Swiss
1995,simtek,http://en.wikipedia.org/wiki/Simtek,Simtek,British
1995,tyrrell,http://en.wikipedia.org/wiki/Tyrrell_Racing,Tyrrell,British
1995,williams,http://en.wikipedia.org/wiki/Williams_Grand_Prix_Engineering,Williams,British
1996,benetton,http://en.wikipedia.org/wiki/Benetton_Formula,Benetton,Italian
1996,ferrari,http://en.wikipedia.org/wiki/Scuderia_Ferrari,Ferrari,Italian
1996,footwork,http://en.wikipedia.org/wiki/Footwork_Arrows,Footwork,British
1996,forti,http://en.wikipedia.org/wiki/Forti,Forti,Italian
1996,jordan,http://en.wikipedia.org/wiki/Jordan_Grand_Prix,Jordan,Irish
1996,ligier,http://en.wikipedia.org/wiki/Ligier,Ligier,French
1996,mclaren,http://en.wikipedia.org/wiki/McLaren,McLaren,British
1996,minardi,http://en.wikipedia.org/wiki/Minardi,Minardi,Italian
1996,sauber,http://en.wikipedia.org/wiki/Sauber_Motorsport,Sauber,Swiss
1996,tyrrell,http://en.wikipedia.org/wiki/Tyrrell_Racing,Tyrrell,British
1996,williams,http://en.wikipedia.org/wiki/Williams_Grand_Prix_Engineering,Williams,British
1997,arrows,http://en.wikipedia.org/wiki/Arrows_Grand_Prix_International,Arrows,British
1997,benetton,http://en.wikipedia.org/wiki/Benetton_Formula,Benetton,Italian
1997,ferrari,http://en.wikipedia.org/wiki/Scuderia_Ferrari,Ferrari,Italian
1997,jordan,http://en.wikipedia.org/wiki/Jordan_Grand_Prix,Jordan,Irish
1997,lola,http://en.wikipedia.org/wiki/MasterCard_Lola,Lola,British
1997,mclaren,http://en.wikipedia.org/wiki/McLaren,McLaren,British
1997,minardi,http://en.wikipedia.org/wiki/Minardi,Minardi,Italian
1997,prost,http://en.wikipedia.org/wiki/Prost_Grand_Prix,Prost,French
1997,sauber,http://en.wikipedia.org/wiki/Sauber_Motorsport,Sauber,Swiss
1997,stewart,http://en.wikipedia.org/wiki/Stewart_Grand_Prix,Stewart,British
1997,tyrrell,http://en.wikipedia.org/wiki/Tyrrell_Racing,Tyrrell,British
1997,williams,http://en.wikipedia.org/wiki/Williams_Grand_Prix_Engineering,Williams,British
1998,arrows,http://en.wikipedia.org/wiki/Arrows_Grand_Prix_International,Arrows,British
1998,benetton,http://en.wikipedia.org/wiki/Benetton_Formula,Benetton,Italian
1998,ferrari,http://en.wikipedia.org/wiki/Scuderia_Ferrari,Ferrari,Italian
1998,jordan,http://en.wikipedia.org/wiki/Jordan_Grand_Prix,Jordan,Irish
1998,mclaren,http://en.wikipedia.org/wiki/McLaren,McLaren,British
1998,minardi,http://en.wikipedia.org/wiki/Minardi,Minardi,Italian
1998,prost,http://en.wikipedia.org/wiki/Prost_Grand_Prix,Prost,French
1998,sauber,http://en.wikipedia.org/wiki/Sauber_Motorsport,Sauber,Swiss
1998,stewart,http://en.wikipedia.org/wiki/Stewart_Grand_Prix,Stewart,British
1998,tyrrell,http://en.wikipedia.org/wiki/Tyrrell_Racing,Tyrrell,British
1998,williams,http://en.wikipedia.org/wiki/Williams_Grand_Prix_Engineering,Williams,British
1999,arrows,http://en.wikipedia.org/wiki/Arrows_Grand_Prix_International,Arrows,British
1999,bar,http://en.wikipedia.org/wiki/British_American_Racing,BAR,British
1999,benetton,http://en.wikipedia.org/wiki/Benetton_Formula,Benetton,Italian
1999,ferrari,http://en.wikipedia.org/wiki/Scuderia_Ferrari,Ferrari,Italian
1999,jordan,http://en.wikipedia.org/wiki/Jordan_Grand_Prix,Jordan,Irish
1999,mclaren,http://en.wikipedia.org/wiki/McLaren,McLaren,British
1999,minardi,http://en.wikipedia.org/wiki/Minardi,Minardi,Italian
1999,prost,http://en.wikipedia.org/wiki/Prost_Grand_Prix,Prost,French
1999,sauber,http://en.wikipedia.org/wiki/Sauber_Motorsport,Sauber,Swiss
1999,stewart,http://en.wikipedia.org/wiki/Stewart_Grand_Prix,Stewart,British
1999,williams,http://en.wikipedia.org/wiki/Williams_Grand_Prix_Engineering,Williams,British
2000,arrows,http://en.wikipedia.org/wiki/Arrows_Grand_Prix_International,Arrows,British
2000,bar,http://en.wikipedia.org/wiki/British_American_Racing,BAR,British
2000,benetton,http://en.wikipedia.org/wiki/Benetton_Formula,Benetton,Italian
2000,ferrari,http://en.wikipedia.org/wiki/Scuderia_Ferrari,Ferrari,Italian
2000,jaguar,http://en.wikipedia.org/wiki/Jaguar_Racing,Jaguar,British
2000,jordan,http://en.wikipedia.org/wiki/Jordan_Grand_Prix,Jordan,Irish
2000,mclaren,http://en.wikipedia.org/wiki/McLaren,McLaren,British
2000,minardi,http://en.wikipedia.org/wiki/Minardi,Minardi,Italian
2000,prost,http://en.wikipedia.org/wiki/Prost_Grand_Prix,Prost,French
2000,sauber,http://en.wikipedia.org/wiki/Sauber_Motorsport,Sauber,Swiss
2000,williams,http://en.wikipedia.org/wiki/Williams_Grand_Prix_Engineering,Williams,British
2001,arrows,http://en.wikipedia.org/wiki/Arrows_Grand_Prix_International,Arrows,British
2001,bar,http://en.wikipedia.org/wiki/British_American_Racing,BAR,British
2001,benetton,http://en.wikipedia.org/wiki/Benetton_Formula,Benetton,Italian
2001,ferrari,http://en.wikipedia.org/wiki/Scuderia_Ferrari,Ferrari,Italian
2001,jaguar,http://en.wikipedia.org/wiki/Jaguar_Racing,Jaguar,British
2001,jordan,http://en.wikipedia.org/wiki/Jordan_Grand_Prix,Jordan,Irish
2001,mclaren,http://en.wikipedia.org/wiki/McLaren,McLaren,British
2001,minardi,http://en.wikipedia.org/wiki/Minardi,Minardi,Italian
2001,prost,http://en.wikipedia.org/wiki/Prost_Grand_Prix,Prost,French
2001,sauber,http://en.wikipedia.org/wiki/Sauber_Motorsport,Sauber,Swiss
2001,williams,http://en.wikipedia.org/wiki/Williams_Grand_Prix_Engineering,Williams,British
2002,arrows,http://en.wikipedia.org/wiki/Arrows_Grand_Prix_International,Arrows,British
2002,bar,http://en.wikipedia.org/wiki/British_American_Racing,BAR,British
2002,ferrari,http://en.wikipedia.org/wiki/Scuderia_Ferrari,Ferrari,Italian
2002,jaguar,http://en.wikipedia.org/wiki/Jaguar_Racing,Jaguar,British
2002,jordan,http://en.wikipedia.org/wiki/Jordan_Grand_Prix,Jordan,Irish
2002,mclaren,http://en.wikipedia.org/wiki/McLaren,McLaren,British
2002,minardi,http://en.wikipedia.org/wiki/Minardi,Minardi,Italian
2002,renault,http://en.wikipedia.org/wiki/Renault_in_Formula_One,Renault,French
2002,sauber,http://en.wikipedia.org/wiki/Sauber_Motorsport,Sauber,Swiss
2002,toyota,http://en.wikipedia.org/wiki/Toyota_Racing,Toyota,Japanese
2002,williams,http://en.wikipedia.org/wiki/Williams_Grand_Prix_Engineering,Williams,British
2003,bar,http://en.wikipedia.org/wiki/British_American_Racing,BAR,British
2003,ferrari,http://en.wikipedia.org/wiki/Scuderia_Ferrari,Ferrari,Italian
2003,jaguar,http://en.wikipedia.org/wiki/Jaguar_Racing,Jaguar,British
2003,jordan,http://en.wikipedia.org/wiki/Jordan_Grand_Prix,Jordan,Irish
2003,mclaren,http://en.wikipedia.org/wiki/McLaren,McLaren,British
2003,minardi,http://en.wikipedia.org/wiki/Minardi,Minardi,Italian
2003,renault,http://en.wikipedia.org/wiki/Renault_in_Formula_One,Renault,French
2003,sauber,http://en.wikipedia.org/wiki/Sauber_Motorsport,Sauber,Swiss
2003,toyota,http://en.wikipedia.org/wiki/Toyota_Racing,Toyota,Japanese
2003,williams,http://en.wikipedia.org/wiki/Williams_Grand_Prix_Engineering,Williams,British
2004,bar,http://en.wikipedia.org/wiki/British_American_Racing,BAR,British
2004,ferrari,http://en.wikipedia.org/wiki/Scuderia_Ferrari,Ferrari,Italian
2004,jaguar,http://en.wikipedia.org/wiki/Jaguar_Racing,Jaguar,British
2004,jordan,http://en.wikipedia.org/wiki/Jordan_Grand_Prix,Jordan,Irish
2004,mclaren,http://en.wikipedia.org/wiki/McLaren,McLaren,British
2004,minardi,http://en.wikipedia.org/wiki/Minardi,Minardi,Italian
2004,renault,http://en.wikipedia.org/wiki/Renault_in_Formula_One,Renault,French
2004,sauber,http://en.wikipedia.org/wiki/Sauber_Motorsport,Sauber,Swiss
2004,toyota,http://en.wikipedia.org/wiki/Toyota_Racing,Toyota,Japanese
2004,williams,http://en.wikipedia.org/wiki/Williams_Grand_Prix_Engineering,Williams,British
2005,bar,http://en.wikipedia.org/wiki/British_American_Racing,BAR,British
2005,ferrari,http://en.wikipedia.org/wiki/Scuderia_Ferrari,Ferrari,Italian
2005,jordan,http://en.wikipedia.org/wiki/Jordan_Grand_Prix,Jordan,Irish
2005,mclaren,http://en.wikipedia.org/wiki/McLaren,McLaren,British
2005,minardi,http://en.wikipedia.org/wiki/Minardi,Minardi,Italian
2005,red_bull,http://en.wikipedia.org/wiki/Red_Bull_Racing,Red Bull,Austrian
2005,renault,http://en.wikipedia.org/wiki/Renault_in_Formula_One,Renault,French
2005,sauber,http://en.wikipedia.org/wiki/Sauber_Motorsport,Sauber,Swiss
2005,toyota,http://en.wikipedia.org/wiki/Toyota_Racing,Toyota,Japanese
2005,williams,http://en.wikipedia.org/wiki/Williams_Grand_Prix_Engineering,Williams,British
2006,bmw_sauber,http://en.wikipedia.org/wiki/BMW_Sauber,BMW Sauber,German
2006,ferrari,http://en.wikipedia.org/wiki/Scuderia_Ferrari,Ferrari,Italian
2006,honda,http://en.wikipedia.org/wiki/Honda_Racing_F1,Honda,Japanese
2006,mclaren,http://en.wikipedia.org/wiki/McLaren,McLaren,British
2006,mf1,http://en.wikipedia.org/wiki/Midland_F1_Racing,MF1,Russian
2006,red_bull,http://en.wikipedia.org/wiki/Red_Bull_Racing,Red Bull,Austrian
2006,renault,http://en.wikipedia.org/wiki/Renault_in_Formula_One,Renault,French
2006,spyker_mf1,http://en.wikipedia.org/wiki/Midland_F1_Racing,Spyker MF1,Dutch
2006,super_aguri,http://en.wikipedia.org/wiki/Super_Aguri_F1,Super Aguri,Japanese
2006,toro_rosso,http://en.wikipedia.org/wiki/Scuderia_Toro_Rosso,Toro Rosso,Italian
2006,toyota,http://en.wikipedia.org/wiki/Toyota_Racing,Toyota,Japanese
2006,williams,http://en.wikipedia.org/wiki/Williams_Grand_Prix_Engineering,Williams,British
2007,bmw_sauber,http://en.wikipedia.org/wiki/BMW_Sauber,BMW Sauber,German
2007,ferrari,http://en.wikipedia.org/wiki/Scuderia_Ferrari,Ferrari,Italian
2007,honda,http://en.wikipedia.org/wiki/Honda_Racing_F1,Honda,Japanese
2007,mclaren,http://en.wikipedia.org/wiki/McLaren,McLaren,British
2007,red_bull,http://en.wikipedia.org/wiki/Red_Bull_Racing,Red Bull,Austrian
2007,renault,http://en.wikipedia.org/wiki/Renault_in_Formula_One,Renault,French
2007,spyker,http://en.wikipedia.org/wiki/Spyker_F1,Spyker,Dutch
2007,super_aguri,http://en.wikipedia.org/wiki/Super_Aguri_F1,Super Aguri,Japanese
2007,toro_rosso,http://en.wikipedia.org/wiki/Scuderia_Toro_Rosso,Toro Rosso,Italian
2007,toyota,http://en.wikipedia.org/wiki/Toyota_Racing,Toyota,Japanese
2007,williams,http://en.wikipedia.org/wiki/Williams_Grand_Prix_Engineering,Williams,British
2008,bmw_sauber,http://en.wikipedia.org/wiki/BMW_Sauber,BMW Sauber,German
2008,ferrari,http://en.wikipedia.org/wiki/Scuderia_Ferrari,Ferrari,Italian
2008,force_india,http://en.wikipedia.org/wiki/Racing_Point_Force_India,Force India,Indian
2008,honda,http://en.wikipedia.org/wiki/Honda_Racing_F1,Honda,Japanese
2008,mclaren,http://en.wikipedia.org/wiki/McLaren,McLaren,British
2008,red_bull,http://en.wikipedia.org/wiki/Red_Bull_Racing,Red Bull,Austrian
2008,renault,http://en.wikipedia.org/wiki/Renault_in_Formula_One,Renault,French
2008,super_aguri,http://en.wikipedia.org/wiki/Super_Aguri_F1,Super Aguri,Japanese
2008,toro_rosso,http://en.wikipedia.org/wiki/Scuderia_Toro_Rosso,Toro Rosso,Italian
2008,toyota,http://en.wikipedia.org/wiki/Toyota_Racing,Toyota,Japanese
2008,williams,http://en.wikipedia.org/wiki/Williams_Grand_Prix_Engineering,Williams,British
2009,bmw_sauber,http://en.wikipedia.org/wiki/BMW_Sauber,BMW Sauber,German
2009,brawn,http://en.wikipedia.org/wiki/Brawn_GP,Brawn,British
2009,ferrari,http://en.wikipedia.org/wiki/Scuderia_Ferrari,Ferrari,Italian
2009,force_india,http://en.wikipedia.org/wiki/Racing_Point_Force_India,Force India,Indian
2009,mclaren,http://en.wikipedia.org/wiki/McLaren,McLaren,British
2009,red_bull,http://en.wikipedia.org/wiki/Red_Bull_Racing,Red Bull,Austrian
2009,renault,http://en.wikipedia.org/wiki/Renault_in_Formula_One,Renault,French
2009,toro_rosso,http://en.wikipedia.org/wiki/Scuderia_Toro_Rosso,Toro Rosso,Italian
2009,toyota,http://en.wikipedia.org/wiki/Toyota_Racing,Toyota,Japanese
2009,williams,http://en.wikipedia.org/wiki/Williams_Grand_Prix_Engineering,Williams,British
2010,ferrari,http://en.wikipedia.org/wiki/Scuderia_Ferrari,Ferrari,Italian
2010,force_india,http://en.wikipedia.org/wiki/Racing_Point_Force_India,Force India,Indian
2010,hrt,http://en.wikipedia.org/wiki/Hispania_Racing,HRT,Spanish
2010,lotus_racing,http://en.wikipedia.org/wiki/Lotus_Racing,Lotus,Malaysian
2010,mclaren,http://en.wikipedia.org/wiki/McLaren,McLaren,British
2010,mercedes,http://en.wikipedia.org/wiki/Mercedes-Benz_in_Formula_One,Mercedes,German
2010,red_bull,http://en.wikipedia.org/wiki/Red_Bull_Racing,Red Bull,Austrian
2010,renault,http://en.wikipedia.org/wiki/Renault_in_Formula_One,Renault,French
2010,sauber,http://en.wikipedia.org/wiki/Sauber_Motorsport,Sauber,Swiss
2010,toro_rosso,http://en.wikipedia.org/wiki/Scuderia_Toro_Rosso,Toro Rosso,Italian
2010,virgin,http://en.wikipedia.org/wiki/Virgin_Racing,Virgin,British
2010,williams,http://en.wikipedia.org/wiki/Williams_Grand_Prix_Engineering,Williams,British
2011,ferrari,http://en.wikipedia.org/wiki/Scuderia_Ferrari,Ferrari,Italian
2011,force_india,http://en.wikipedia.org/wiki/Racing_Point_Force_India,Force India,Indian
2011,hrt,http://en.wikipedia.org/wiki/Hispania_Racing,HRT,Spanish
2011,lotus_racing,http://en.wikipedia.org/wiki/Lotus_Racing,Lotus,Malaysian
2011,mclaren,http://en.wikipedia.org/wiki/McLaren,McLaren,British
2011,mercedes,http://en.wikipedia.org/wiki/Mercedes-Benz_in_Formula_One,Mercedes,German
2011,red_bull,http://en.wikipedia.org/wiki/Red_Bull_Racing,Red Bull,Austrian
2011,renault,http://en.wikipedia.org/wiki/Renault_in_Formula_One,Renault,French
2011,sauber,http://en.wikipedia.org/wiki/Sauber_Motorsport,Sauber,Swiss
2011,toro_rosso,http://en.wikipedia.org/wiki/Scuderia_Toro_Rosso,Toro Rosso,Italian
2011,virgin,http://en.wikipedia.org/wiki/Virgin_Racing,Virgin,British
2011,williams,http://en.wikipedia.org/wiki/Williams_Grand_Prix_Engineering,Williams,British
2012,caterham,http://en.wikipedia.org/wiki/Caterham_F1,Caterham,Malaysian
2012,ferrari,http://en.wikipedia.org/wiki/Scuderia_Ferrari,Ferrari,Italian
2012,force_india,http://en.wikipedia.org/wiki/Racing_Point_Force_India,Force India,Indian
2012,hrt,http://en.wikipedia.org/wiki/Hispania_Racing,HRT,Spanish
2012,lotus_f1,http://en.wikipedia.org/wiki/Lotus_F1,Lotus F1,British
2012,marussia,http://en.wikipedia.org/wiki/Marussia_F1,Marussia,Russian
2012,mclaren,http://en.wikipedia.org/wiki/McLaren,McLaren,British
2012,mercedes,http://en.wikipedia.org/wiki/Mercedes-Benz_in_Formula_One,Mercedes,German
2012,red_bull,http://en.wikipedia.org/wiki/Red_Bull_Racing,Red Bull,Austrian
2012,sauber,http://en.wikipedia.org/wiki/Sauber_Motorsport,Sauber,Swiss
2012,toro_rosso,http://en.wikipedia.org/wiki/Scuderia_Toro_Rosso,Toro Rosso,Italian
2012,williams,http://en.wikipedia.org/wiki/Williams_Grand_Prix_Engineering,Williams,British
2013,caterham,http://en.wikipedia.org/wiki/Caterham_F1,Caterham,Malaysian
2013,ferrari,http://en.wikipedia.org/wiki/Scuderia_Ferrari,Ferrari,Italian
2013,force_india,http://en.wikipedia.org/wiki/Racing_Point_Force_India,Force India,Indian
2013,lotus_f1,http://en.wikipedia.org/wiki/Lotus_F1,Lotus F1,British
2013,marussia,http://en.wikipedia.org/wiki/Marussia_F1,Marussia,Russian
2013,mclaren,http://en.wikipedia.org/wiki/McLaren,McLaren,British
2013,mercedes,http://en.wikipedia.org/wiki/Mercedes-Benz_in_Formula_One,Mercedes,German
2013,red_bull,http://en.wikipedia.org/wiki/Red_Bull_Racing,Red Bull,Austrian
2013,sauber,http://en.wikipedia.org/wiki/Sauber_Motorsport,Sauber,Swiss
2013,toro_rosso,http://en.wikipedia.org/wiki/Scuderia_Toro_Rosso,Toro Rosso,Italian
2013,williams,http://en.wikipedia.org/wiki/Williams_Grand_Prix_Engineering,Williams,British
2014,caterham,http://en.wikipedia.org/wiki/Caterham_F1,Caterham,Malaysian
2014,ferrari,http://en.wikipedia.org/wiki/Scuderia_Ferrari,Ferrari,Italian
2014,force_india,http://en.wikipedia.org/wiki/Racing_Point_Force_India,Force India,Indian
2014,lotus_f1,http://en.wikipedia.org/wiki/Lotus_F1,Lotus F1,British
2014,marussia,http://en.wikipedia.org/wiki/Marussia_F1,Marussia,Russian
2014,mclaren,http://en.wikipedia.org/wiki/McLaren,McLaren,British
2014,mercedes,http://en.wikipedia.org/wiki/Mercedes-Benz_in_Formula_One,Mercedes,German
2014,red_bull,http://en.wikipedia.org/wiki/Red_Bull_Racing,Red Bull,Austrian
2014,sauber,http://en.wikipedia.org/wiki/Sauber_Motorsport,Sauber,Swiss
2014,toro_rosso,http://en.wikipedia.org/wiki/Scuderia_Toro_Rosso,Toro Rosso,Italian
2014,williams,http://en.wikipedia.org/wiki/Williams_Grand_Prix_Engineering,Williams,British
2015,ferrari,http://en.wikipedia.org/wiki/Scuderia_Ferrari,Ferrari,Italian
2015,force_india,http://en.wikipedia.org/wiki/Racing_Point_Force_India,Force India,Indian
2015,lotus_f1,http://en.wikipedia.org/wiki/Lotus_F1,Lotus F1,British
2015,manor,http://en.wikipedia.org/wiki/Manor_Motorsport,Manor Marussia,British
2015,mclaren,http://en.wikipedia.org/wiki/McLaren,McLaren,British
2015,mercedes,http://en.wikipedia.org/wiki/Mercedes-Benz_in_Formula_One,Mercedes,German
2015,red_bull,http://en.wikipedia.org/wiki/Red_Bull_Racing,Red Bull,Austrian
2015,sauber,http://en.wikipedia.org/wiki/Sauber_Motorsport,Sauber,Swiss
2015,toro_rosso,http://en.wikipedia.org/wiki/Scuderia_Toro_Rosso,Toro Rosso,Italian
2015,williams,http://en.wikipedia.org/wiki/Williams_Grand_Prix_Engineering,Williams,British
2016,ferrari,http://en.wikipedia.org/wiki/Scuderia_Ferrari,Ferrari,Italian
2016,force_india,http://en.wikipedia.org/wiki/Racing_Point_Force_India,Force India,Indian
2016,haas,http://en.wikipedia.org/wiki/Haas_F1_Team,Haas F1 Team,American
2016,manor,http://en.wikipedia.org/wiki/Manor_Motorsport,Manor Marussia,British
2016,mclaren,http://en.wikipedia.org/wiki/McLaren,McLaren,British
2016,mercedes,http://en.wikipedia.org/wiki/Mercedes-Benz_in_Formula_One,Mercedes,German
2016,red_bull,http://en.wikipedia.org/wiki/Red_Bull_Racing,Red Bull,Austrian
2016,renault,http://en.wikipedia.org/wiki/Renault_in_Formula_One,Renault,French
2016,sauber,http://en.wikipedia.org/wiki/Sauber_Motorsport,Sauber,Swiss
2016,toro_rosso,http://en.wikipedia.org/wiki/Scuderia_Toro_Rosso,Toro Rosso,Italian
2016,williams,http://en.wikipedia.org/wiki/Williams_Grand_Prix_Engineering,Williams,British
2017,ferrari,http://en.wikipedia.org/wiki/Scuderia_Ferrari,Ferrari,Italian
2017,force_india,http://en.wikipedia.org/wiki/Racing_Point_Force_India,Force India,Indian
2017,haas,http://en.wikipedia.org/wiki/Haas_F1_Team,Haas F1 Team,American
2017,mclaren,http://en.wikipedia.org/wiki/McLaren,McLaren,British
2017,mercedes,http://en.wikipedia.org/wiki/Mercedes-Benz_in_Formula_One,Mercedes,German
2017,red_bull,http://en.wikipedia.org/wiki/Red_Bull_Racing,Red Bull,Austrian
2017,renault,http://en.wikipedia.org/wiki/Renault_in_Formula_One,Renault,French
2017,sauber,http://en.wikipedia.org/wiki/Sauber_Motorsport,Sauber,Swiss
2017,toro_rosso,http://en.wikipedia.org/wiki/Scuderia_Toro_Rosso,Toro Rosso,Italian
2017,williams,http://en.wikipedia.org/wiki/Williams_Grand_Prix_Engineering,Williams,British
2018,ferrari,http://en.wikipedia.org/wiki/Scuderia_Ferrari,Ferrari,Italian
2018,force_india,http://en.wikipedia.org/wiki/Racing_Point_Force_India,Force India,Indian
2018,haas,http://en.wikipedia.org/wiki/Haas_F1_Team,Haas F1 Team,American
2018,mclaren,http://en.wikipedia.org/wiki/McLaren,McLaren,British
2018,mercedes,http://en.wikipedia.org/wiki/Mercedes-Benz_in_Formula_One,Mercedes,German
2018,red_bull,http://en.wikipedia.org/wiki/Red_Bull_Racing,Red Bull,Austrian
2018,renault,http://en.wikipedia.org/wiki/Renault_in_Formula_One,Renault,French
2018,sauber,http://en.wikipedia.org/wiki/Sauber_Motorsport,Sauber,Swiss
2018,toro_rosso,http://en.wikipedia.org/wiki/Scuderia_Toro_Rosso,Toro Rosso,Italian
2018,williams,http://en.wikipedia.org/wiki/Williams_Grand_Prix_Engineering,Williams,British
2019,alfa,http://en.wikipedia.org/wiki/Alfa_Romeo_in_Formula_One,Alfa Romeo,Swiss
2019,ferrari,http://en.wikipedia.org/wiki/Scuderia_Ferrari,Ferrari,Italian
2019,haas,http://en.wikipedia.org/wiki/Haas_F1_Team,Haas F1 Team,American
2019,mclaren,http://en.wikipedia.org/wiki/McLaren,McLaren,British
2019,mercedes,http://en.wikipedia.org/wiki/Mercedes-Benz_in_Formula_One,Mercedes,German
2019,racing_point,http://en.wikipedia.org/wiki/Racing_Point_F1_Team,Racing Point,British
2019,red_bull,http://en.wikipedia.org/wiki/Red_Bull_Racing,Red Bull,Austrian
2019,renault,http://en.wikipedia.org/wiki/Renault_in_Formula_One,Renault,French
2019,toro_rosso,http://en.wikipedia.org/wiki/Scuderia_Toro_Rosso,Toro Rosso,Italian
2019,williams,http://en.wikipedia.org/wiki/Williams_Grand_Prix_Engineering,Williams,British
2020,alfa,http://en.wikipedia.org/wiki/Alfa_Romeo_in_Formula_One,Alfa Romeo,Swiss
2020,alphatauri,http://en.wikipedia.org/wiki/Scuderia_AlphaTauri,AlphaTauri,Italian
2020,ferrari,http://en.wikipedia.org/wiki/Scuderia_Ferrari,Ferrari,Italian
2020,haas,http://en.wikipedia.org/wiki/Haas_F1_Team,Haas F1 Team,American
2020,mclaren,http://en.wikipedia.org/wiki/McLaren,McLaren,British
2020,mercedes,http://en.wikipedia.org/wiki/Mercedes-Benz_in_Formula_One,Mercedes,German
2020,racing_point,http://en.wikipedia.org/wiki/Racing_Point_F1_Team,Racing Point,British
2020,red_bull,http://en.wikipedia.org/wiki/Red_Bull_Racing,Red Bull,Austrian
2020,renault,http://en.wikipedia.org/wiki/Renault_in_Formula_One,Renault,French
2020,williams,http://en.wikipedia.org/wiki/Williams_Grand_Prix_Engineering,Williams,British
2021,alfa,http://en.wikipedia.org/wiki/Alfa_Romeo_in_Formula_One,Alfa Romeo,Swiss
2021,alphatauri,http://en.wikipedia.org/wiki/Scuderia_AlphaTauri,AlphaTauri,Italian
2021,alpine,http://en.wikipedia.org/wiki/Alpine_F1_Team,Alpine F1 Team,French
2021,aston_martin,http://en.wikipedia.org/wiki/Aston_Martin_in_Formula_One,Aston Martin,British
2021,ferrari,http://en.wikipedia.org/wiki/Scuderia_Ferrari,Ferrari,Italian
2021,haas,http://en.wikipedia.org/wiki/Haas_F1_Team,Haas F1 Team,American
2021,mclaren,http://en.wikipedia.org/wiki/McLaren,McLaren,British
2021,mercedes,http://en.wikipedia.org/wiki/Mercedes-Benz_in_Formula_One,Mercedes,German
2021,red_bull,http://en.wikipedia.org/wiki/Red_Bull_Racing,Red Bull,Austrian
2021,williams,http://en.wikipedia.org/wiki/Williams_Grand_Prix_Engineering,Williams,British
2022,alfa,http://en.wikipedia.org/wiki/Alfa_Romeo_in_Formula_One,Alfa Romeo,Swiss
2022,alphatauri,http://en.wikipedia.org/wiki/Scuderia_AlphaTauri,AlphaTauri,Italian
2022,alpine,http://en.wikipedia.org/wiki/Alpine_F1_Team,Alpine F1 Team,French
2022,aston_martin,http://en.wikipedia.org/wiki/Aston_Martin_in_Formula_One,Aston Martin,British
2022,ferrari,http://en.wikipedia.org/wiki/Scuderia_Ferrari,Ferrari,Italian
2022,haas,http://en.wikipedia.org/wiki/Haas_F1_Team,Haas F1 Team,American
2022,mclaren,http://en.wikipedia.org/wiki/McLaren,McLaren,British
2022,mercedes,http://en.wikipedia.org/wiki/Mercedes-Benz_in_Formula_One,Mercedes,German
2022,red_bull,http://en.wikipedia.org/wiki/Red_Bull_Racing,Red Bull,Austrian
2022,williams,http://en.wikipedia.org/wiki/Williams_Grand_Prix_Engineering,Williams,British
2023,alfa,http://en.wikipedia.org/wiki/Alfa_Romeo_in_Formula_One,Alfa Romeo,Swiss
2023,alphatauri,http://en.wikipedia.org/wiki/Scuderia_AlphaTauri,AlphaTauri,Italian
2023,alpine,http://en.wikipedia.org/wiki/Alpine_F1_Team,Alpine F1 Team,French
2023,aston_martin,http://en.wikipedia.org/wiki/Aston_Martin_in_Formula_One,Aston Martin,British
2023,ferrari,http://en.wikipedia.org/wiki/Scuderia_Ferrari,Ferrari,Italian
2023,haas,http://en.wikipedia.org/wiki/Haas_F1_Team,Haas F1 Team,American
2023,mclaren,http://en.wikipedia.org/wiki/McLaren,McLaren,British
2023,mercedes,http://en.wikipedia.org/wiki/Mercedes-Benz_in_Formula_One,Mercedes,German
2023,red_bull,http://en.wikipedia.org/wiki/Red_Bull_Racing,Red Bull,Austrian
2023,williams,http://en.wikipedia.org/wiki/Williams_Grand_Prix_Engineering,Williams,British
2024,alpine,http://en.wikipedia.org/wiki/Alpine_F1_Team,Alpine F1 Team,French
2024,aston_martin,http://en.wikipedia.org/wiki/Aston_Martin_in_Formula_One,Aston Martin,British
2024,ferrari,http://en.wikipedia.org/wiki/Scuderia_Ferrari,Ferrari,Italian
2024,haas,http://en.wikipedia.org/wiki/Haas_F1_Team,Haas F1 Team,American
2024,mclaren,http://en.wikipedia.org/wiki/McLaren,McLaren,British
2024,mercedes,http://en.wikipedia.org/wiki/Mercedes-Benz_in_Formula_One,Mercedes,German
2024,rb,http://en.wikipedia.org/wiki/RB_Formula_One_Team,RB F1 Team,Italian
2024,red_bull,http://en.wikipedia.org/wiki/Red_Bull_Racing,Red Bull,Austrian
2024,sauber,http://en.wikipedia.org/wiki/Sauber_Motorsport,Sauber,Swiss
2024,williams,http://en.wikipedia.org/wiki/Williams_Grand_Prix_Engineering,Williams,British
